资料编号,名称,别名记录,来源地区,来源城市,核对状态,来源入口,版本
INST-0089,北京兴华励志教育咨询中心,,北京,北京,待核对,https://github.com/FunctionSir/PanDefenseProject,source-2026-10-09
INST-0090,北京荣格青少年成长基地,,北京,北京,待核对,https://github.com/FunctionSir/PanDefenseProject,source-2026-10-09
INST-0157,唐山森太学校,,河北,唐山市,待核对,https://github.com/FunctionSir/PanDefenseProject,source-2026-10-09
INST-0536,河北新航综合素质教育基地,,河北,廊坊市,待核对,https://github.com/FunctionSir/PanDefenseProject,source-2026-10-09
INST-0537,河北知恩特训学校,,河北,,待核对,https://github.com/FunctionSir/PanDefenseProject,source-2026-10-09
INST-0538,河北知恩青少年特训学校,河北知恩特训学校,河北,,待核对,https://github.com/FunctionSir/PanDefenseProject,source-2026-10-09
INST-0813,石家庄君泽体能拓展,,河北,石家庄市,待核对,https://github.com/FunctionSir/PanDefenseProject,source-2026-10-09
INST-0860,衡水乾景健康特训基地,,河北,衡水市,待核对,https://github.com/FunctionSir/PanDefenseProject,source-2026-10-09
INST-0269,山西亮剑教育咨询有限公司,,山西,,待核对,https://github.com/goodpsychologistclaw/nct-archive,source-2026-10-09
INST-0445,春华叛逆特训学校,晋城市春华青少年素质特训学校,山西,晋城市,待核对,https://github.com/FunctionSir/PanDefenseProject,source-2026-10-09
INST-0448,晋城市春华青少年素质特训学校,,山西,晋城市,待核对,https://github.com/FunctionSir/PanDefenseProject,source-2026-10-09
INST-0928,运城市国防教育基地,,山西,运城市,待核对,https://github.com/FunctionSir/PanDefenseProject,source-2026-10-09
INST-0227,大连思图励志教育基地,,辽宁,大连市,待核对,https://github.com/goodpsychologistclaw/nct-archive,source-2026-10-09
INST-0228,大连起航叛逆孩子教育基地,,辽宁,大连市,待核对,https://github.com/goodpsychologistclaw/nct-archive,source-2026-10-09
INST-0408,抚顺青少年素质教育学校,,辽宁,抚顺市,待核对,https://github.com/goodpsychologistclaw/nct-archive,source-2026-10-09
INST-0532,沈阳思图励志教育学校,,辽宁,沈阳市,待核对,https://github.com/goodpsychologistclaw/nct-archive,source-2026-10-09
INST-0533,沈阳正苗启德青少年特训学校,,辽宁,沈阳市,待核对,https://github.com/goodpsychologistclaw/nct-archive,source-2026-10-09
INST-0857,营口正苗启德特训学校,,辽宁,营口市,待核对,https://github.com/goodpsychologistclaw/nct-archive,source-2026-10-09
INST-0858,葫芦岛全封闭特训基地,,辽宁,葫芦岛市,待核对,https://github.com/goodpsychologistclaw/nct-archive,source-2026-10-09
INST-0922,辽宁慧诺特教育信息咨询有限公司,,辽宁,抚顺市,待核对,https://github.com/goodpsychologistclaw/nct-archive,source-2026-10-09
INST-0923,辽宁正德青少年特训基地,,辽宁,铁岭市,待核对,https://github.com/goodpsychologistclaw/nct-archive,source-2026-10-09
INST-0924,辽宁正德青少年特训基地,,辽宁,铁岭市,待核对,https://github.com/goodpsychologistclaw/nct-archive,source-2026-10-09
INST-0925,辽宁正德青少年特训基地,,辽宁,铁岭市,待核对,https://github.com/FunctionSir/PanDefenseProject,source-2026-10-09
INST-0927,辽阳善聆教育基地,,辽宁,辽阳市,待核对,https://github.com/goodpsychologistclaw/nct-archive,source-2026-10-09
INST-1143,锦州励心智特训学校,,辽宁,锦州市,待核对,https://github.com/goodpsychologistclaw/nct-archive,source-2026-10-09
INST-1198,阜新砺魂叛逆孩子特训学校,,辽宁,阜新市,待核对,https://github.com/goodpsychologistclaw/nct-archive,source-2026-10-09
INST-1223,鞍山善聆素质教育学校,,辽宁,鞍山市,待核对,https://github.com/goodpsychologistclaw/nct-archive,source-2026-10-09
INST-0064,俭德教育,,吉林,长春市,待核对,https://github.com/FunctionSir/PanDefenseProject,source-2026-10-09
INST-0133,吉林市创德青少年教育基地,,吉林,吉林市,待核对,https://github.com/goodpsychologistclaw/nct-archive,source-2026-10-09
INST-0134,吉林市启德青少年特训营,,吉林,吉林市,待核对,https://github.com/goodpsychologistclaw/nct-archive,source-2026-10-09
INST-0135,吉林市善聆叛逆矫正基地,,吉林,吉林市,待核对,https://github.com/goodpsychologistclaw/nct-archive,source-2026-10-09
INST-0220,四平正苗启德特训学校,,吉林,,待核对,https://github.com/goodpsychologistclaw/nct-archive,source-2026-10-09
INST-0221,四平纽特心理素质教育中心,,吉林,四平市,待核对,https://github.com/goodpsychologistclaw/nct-archive,source-2026-10-09
INST-0332,延边启航青少年特训营,,吉林,延边州延吉市,待核对,https://github.com/goodpsychologistclaw/nct-archive,source-2026-10-09
INST-0458,松原正苗启德青少年学校,,吉林,松原市,待核对,https://github.com/goodpsychologistclaw/nct-archive,source-2026-10-09
INST-0793,白城善行素质教育基地,,吉林,白城市,待核对,https://github.com/goodpsychologistclaw/nct-archive,source-2026-10-09
INST-0794,白山思图励志特训基地,,吉林,白山市,待核对,https://github.com/goodpsychologistclaw/nct-archive,source-2026-10-09
INST-0926,辽源励志青少年特训学校,,吉林,辽源市,待核对,https://github.com/goodpsychologistclaw/nct-archive,source-2026-10-09
INST-0930,通化启德叛逆矫正学校,,吉林,通化市,待核对,https://github.com/goodpsychologistclaw/nct-archive,source-2026-10-09
INST-0931,通化圣贤戒网瘾特训学校,,吉林,,待核对,https://github.com/goodpsychologistclaw/nct-archive,source-2026-10-09
INST-1145,长春励心智叛逆戒网瘾学校,,吉林,长春市,待核对,https://github.com/goodpsychologistclaw/nct-archive,source-2026-10-09
INST-1146,长春善聆素质教育学校,,吉林,长春市,待核对,https://github.com/goodpsychologistclaw/nct-archive,source-2026-10-09
INST-1147,长春思图励志青少年特训学校,,吉林,长春市,待核对,https://github.com/goodpsychologistclaw/nct-archive,source-2026-10-09
INST-1148,长春明德励志成长学校,,吉林,长春市,待核对,https://github.com/goodpsychologistclaw/nct-archive,source-2026-10-09
INST-1149,长春正苗启德青少年特训学校,,吉林,长春市,待核对,https://github.com/goodpsychologistclaw/nct-archive,source-2026-10-09
INST-1150,长春纽特青少年教育基地,,吉林,长春市,待核对,https://github.com/goodpsychologistclaw/nct-archive,source-2026-10-09
INST-1151,长春阳光叛逆特训学校,,吉林,长春市,待核对,https://github.com/goodpsychologistclaw/nct-archive,source-2026-10-09
INST-0054,佳木斯匠学叛逆学校,,黑龙江,佳木斯市,待核对,https://github.com/goodpsychologistclaw/nct-archive,source-2026-10-09
INST-0154,哈尔滨善德特训成长基地,,黑龙江,哈尔滨市,待核对,https://github.com/goodpsychologistclaw/nct-archive,source-2026-10-09
INST-0155,哈尔滨猎人青少年素质教育基地,,黑龙江,哈尔滨市,待核对,https://github.com/goodpsychologistclaw/nct-archive,source-2026-10-09
INST-0156,哈尔滨雷鹰青少年特训学校,,黑龙江,哈尔滨市,待核对,https://github.com/goodpsychologistclaw/nct-archive,source-2026-10-09
INST-0225,大庆精英文武学校特训营,,黑龙江,大庆市,待核对,https://github.com/goodpsychologistclaw/nct-archive,source-2026-10-09
INST-0781,牡丹江思诺行青少年特训学校,,黑龙江,牡丹江市,待核对,https://github.com/goodpsychologistclaw/nct-archive,source-2026-10-09
INST-0823,绥化纽特心理青少年素质教育学校,,黑龙江,绥化市,待核对,https://github.com/goodpsychologistclaw/nct-archive,source-2026-10-09
INST-1244,黑河阳光青少年特训营,,黑龙江,黑河市,待核对,https://github.com/goodpsychologistclaw/nct-archive,source-2026-10-09
INST-1245,黑龙江猎人少年军校,,黑龙江,哈尔滨市,待核对,https://github.com/FunctionSir/PanDefenseProject,source-2026-10-09
INST-1250,齐齐哈尔正苗启德叛逆戒网瘾学校,,黑龙江,齐齐哈尔市,待核对,https://github.com/goodpsychologistclaw/nct-archive,source-2026-10-09
INST-0116,南通德智体能拓展有限公司,,江苏,如皋市,待核对,https://github.com/FunctionSir/PanDefenseProject,source-2026-10-09
INST-0117,南通德智体能机构,,江苏,如皋市,待核对,https://github.com/FunctionSir/PanDefenseProject,source-2026-10-09
INST-0345,徐州The King格斗工厂,,江苏,,待核对,https://github.com/goodpsychologistclaw/nct-archive,source-2026-10-09
INST-0362,德智体能拓展,南通德智体能机构、南通德智体能拓展有限公司,江苏,如皋市,待核对,https://github.com/FunctionSir/PanDefenseProject,source-2026-10-09
INST-0233,如是书院,,浙江,绍兴市,待核对,https://www.news.cn/20260816/d75a430bc26c4063868eb4d0141409bc/c.html,source-2026-10-09
INST-0388,思图励志教育学校绍兴青优基地,,浙江,绍兴市,待核对,https://github.com/FunctionSir/PanDefenseProject,source-2026-10-09
INST-0454,杭州兴华励志教育,,浙江,杭州市,待核对,https://github.com/goodpsychologistclaw/nct-archive,source-2026-10-09
INST-0242,安徽卓捷素质教育,,安徽,蚌埠市,待核对,https://github.com/FunctionSir/PanDefenseProject,source-2026-10-09
INST-0243,安徽民德素质学校,,安徽,安庆市,待核对,https://github.com/FunctionSir/PanDefenseProject,source-2026-10-09
INST-0363,德智青少年成长中心,,安徽,,待核对,https://github.com/goodpsychologistclaw/nct-archive,source-2026-10-09
INST-0595,泉州市四维未成年人成长指导中心,,福建,泉州市,待核对,https://github.com/FunctionSir/PanDefenseProject,source-2026-10-09
INST-0736,湘龙教育集团(福建宁化校区),,福建,三明市,待核对,https://github.com/FunctionSir/PanDefenseProject,source-2026-10-09
INST-0033,丰城市社区矫正基地(龙剑基地),,江西,丰城市,待核对,https://github.com/FunctionSir/PanDefenseProject,source-2026-10-09
INST-0115,南昌市青山湖区豫章书院修身教育专修学校,,江西,南昌市,待核对,http://www.news.cn/2023-04/28/c_1129579126.htm,source-2026-10-09
INST-0256,宜春博智心理咨询疏导基地,,江西,宜春市,待核对,https://github.com/FunctionSir/PanDefenseProject,source-2026-10-09
INST-0528,江西战马青少年素质训练营,江西赣州封闭式军事化叛逆管教学校,江西,,待核对,https://github.com/FunctionSir/PanDefenseProject,source-2026-10-09
INST-0529,江西赣州封闭式军事化叛逆管教学校,,江西,,待核对,https://github.com/FunctionSir/PanDefenseProject,source-2026-10-09
INST-0917,赣州市老兵营地训练中心,,江西,赣州市,待核对,https://github.com/FunctionSir/PanDefenseProject,source-2026-10-09
INST-0019,东营亮剑戒网瘾学校,,山东,东营市,待核对,https://github.com/goodpsychologistclaw/nct-archive,source-2026-10-09
INST-0020,东营军魂戒网瘾学校,,山东,东营市,待核对,https://github.com/goodpsychologistclaw/nct-archive,source-2026-10-09
INST-0021,东营正德青少年成长学校,,山东,东营市,待核对,https://github.com/goodpsychologistclaw/nct-archive,source-2026-10-09
INST-0022,东营正苗启德,,山东,东营市,待核对,https://github.com/goodpsychologistclaw/nct-archive,source-2026-10-09
INST-0023,东营青少年素质教育基地,,山东,东营市,待核对,https://github.com/goodpsychologistclaw/nct-archive,source-2026-10-09
INST-0034,临沂军事化成长学院,,山东,临沂市,待核对,https://github.com/goodpsychologistclaw/nct-archive,source-2026-10-09
INST-0035,临沂博优素质教育,,山东,临沂市,待核对,https://github.com/goodpsychologistclaw/nct-archive,source-2026-10-09
INST-0036,临沂弘毅素质教育,,山东,临沂市,待核对,https://github.com/goodpsychologistclaw/nct-archive,source-2026-10-09
INST-0037,临沂慧诺特特训,,山东,临沂市,待核对,https://github.com/goodpsychologistclaw/nct-archive,source-2026-10-09
INST-0038,临沂明德励志教育,,山东,临沂市,待核对,https://github.com/goodpsychologistclaw/nct-archive,source-2026-10-09
INST-0039,临沂正苗启德特训,,山东,临沂市,待核对,https://github.com/goodpsychologistclaw/nct-archive,source-2026-10-09
INST-0040,临沂沂蒙励志特训营,,山东,临沂市,待核对,https://github.com/goodpsychologistclaw/nct-archive,source-2026-10-09
INST-0041,临沂渝辉戒网瘾,,山东,临沂市,待核对,https://github.com/goodpsychologistclaw/nct-archive,source-2026-10-09
INST-0042,临沂知恩问题少年管教基地,,山东,临沂市,待核对,https://github.com/goodpsychologistclaw/nct-archive,source-2026-10-09
INST-0043,临沂重生素质教育,,山东,临沂市,待核对,https://github.com/goodpsychologistclaw/nct-archive,source-2026-10-09
INST-0103,单县明德教育培训学校,,山东,菏泽市,待核对,https://github.com/FunctionSir/PanDefenseProject,source-2026-10-09
INST-0259,山东心种子教育咨询有限公司,,山东,,待核对,https://github.com/goodpsychologistclaw/nct-archive | https://github.com/FunctionSir/PanDefenseProject,source-2026-10-09
INST-0260,山东心种子教育基地,,山东,潍坊青州市,待核对,https://github.com/FunctionSir/PanDefenseProject,source-2026-10-09
INST-0261,山东正心教育培训学校有限公司,,山东,潍坊市,待核对,https://web.archive.org/web/20231111060020/https://www.msn.com/en-au/news/other/inside-china-s-lgbtqia-re-education-camps-survivors-claim-shock-treatment-and-beatings/ar-AA18xfV9 | https://github.com/FunctionSir/PanDefenseProject,source-2026-10-09
INST-0262,山东科技防卫专修学院,,山东,济南市,待核对,http://news.cnr.cn/native/gd/20161012/t20161012_523192413.shtml,source-2026-10-09
INST-0263,山东科技防卫学院,,山东,济南市,待核对,https://github.com/goodpsychologistclaw/nct-archive,source-2026-10-09
INST-0268,山东起点军事教育,,山东,菏泽市,待核对,https://github.com/FunctionSir/PanDefenseProject,source-2026-10-09
INST-0351,德州启航青少年康复中心,,山东,德州市,待核对,https://github.com/goodpsychologistclaw/nct-archive,source-2026-10-09
INST-0352,德州希望之家教育,,山东,德州市,待核对,https://github.com/goodpsychologistclaw/nct-archive,source-2026-10-09
INST-0353,德州新起点矫正学校,,山东,德州市,待核对,https://github.com/goodpsychologistclaw/nct-archive,source-2026-10-09
INST-0354,德州明德励志,,山东,德州市,待核对,https://github.com/goodpsychologistclaw/nct-archive,source-2026-10-09
INST-0355,德州正航青少年矫正,,山东,德州市,待核对,https://github.com/goodpsychologistclaw/nct-archive,source-2026-10-09
INST-0356,德州正苗启德,,山东,德州市,待核对,https://github.com/goodpsychologistclaw/nct-archive,source-2026-10-09
INST-0357,德州阳光青少年行为矫正,,山东,德州市,待核对,https://github.com/goodpsychologistclaw/nct-archive,source-2026-10-09
INST-0371,心种子教育,山东心种子教育基地、山东心种子教育咨询有限公司,山东,潍坊青州市,待核对,https://files.catbox.moe/h90uqt.zip | https://github.com/FunctionSir/PanDefenseProject,source-2026-10-09
INST-0434,日照慧诺特特训,,山东,日照市,待核对,https://github.com/goodpsychologistclaw/nct-archive,source-2026-10-09
INST-0435,日照明德励志,,山东,日照市,待核对,https://github.com/goodpsychologistclaw/nct-archive,source-2026-10-09
INST-0436,日照正苗启德叛逆学校,,山东,日照市,待核对,https://github.com/goodpsychologistclaw/nct-archive,source-2026-10-09
INST-0459,枣庄成长干预中心,,山东,枣庄市,待核对,https://github.com/goodpsychologistclaw/nct-archive,source-2026-10-09
INST-0460,枣庄明德励志,,山东,枣庄市,待核对,https://github.com/goodpsychologistclaw/nct-archive,source-2026-10-09
INST-0461,枣庄正苗启德,,山东,枣庄市,待核对,https://github.com/goodpsychologistclaw/nct-archive,source-2026-10-09
INST-0596,泰安慧诺特特训,,山东,泰安市,待核对,https://github.com/goodpsychologistclaw/nct-archive,source-2026-10-09
INST-0597,泰安明德励志教育,,山东,泰安市,待核对,https://github.com/goodpsychologistclaw/nct-archive,source-2026-10-09
INST-0598,泰安正苗启德特训,,山东,泰安市,待核对,https://github.com/goodpsychologistclaw/nct-archive,source-2026-10-09
INST-0599,泰安简诚拓展,,山东,泰安市,待核对,https://github.com/goodpsychologistclaw/nct-archive,source-2026-10-09
INST-0600,泰安蔷薇少年管教所,,山东,泰安市,待核对,https://github.com/goodpsychologistclaw/nct-archive,source-2026-10-09
INST-0624,济南仁人教育,,山东,济南市,待核对,https://github.com/goodpsychologistclaw/nct-archive,source-2026-10-09
INST-0625,济南启康叛逆矫正学校,,山东,济南市,待核对,https://github.com/goodpsychologistclaw/nct-archive,source-2026-10-09
INST-0626,济南宏开教育（网康戒网瘾）,,山东,济南市,待核对,https://github.com/goodpsychologistclaw/nct-archive,source-2026-10-09
INST-0627,济南山泉青少年成长基地,,山东,济南市,待核对,https://github.com/goodpsychologistclaw/nct-archive,source-2026-10-09
INST-0631,济南弘毅素质教育,,山东,济南市,待核对,https://github.com/goodpsychologistclaw/nct-archive,source-2026-10-09
INST-0632,济南强望心理疏导基地,,山东,济南市,待核对,https://github.com/goodpsychologistclaw/nct-archive,source-2026-10-09
INST-0633,济南德泓教育,,山东,济南市,待核对,https://github.com/goodpsychologistclaw/nct-archive,source-2026-10-09
INST-0634,济南德泓教育,,山东,济南市,待核对,https://github.com/FunctionSir/PanDefenseProject,source-2026-10-09
INST-0635,济南志成青少年素质教育,,山东,济南市,待核对,https://github.com/goodpsychologistclaw/nct-archive,source-2026-10-09
INST-0636,济南慧心特训成长学院,,山东,济南市,待核对,https://github.com/goodpsychologistclaw/nct-archive,source-2026-10-09
INST-0637,济南明德励志教育,,山东,济南市,待核对,https://github.com/goodpsychologistclaw/nct-archive,source-2026-10-09
INST-0638,济南格恒直利教育,,山东,济南市,待核对,https://github.com/goodpsychologistclaw/nct-archive,source-2026-10-09
INST-0639,济南正信教育,,山东,济南市,待核对,https://github.com/goodpsychologistclaw/nct-archive,source-2026-10-09
INST-0640,济南润嘉青少年成长社区,,山东,济南市,待核对,https://github.com/goodpsychologistclaw/nct-archive,source-2026-10-09
INST-0643,济南纳川戒网瘾学校,,山东,济南市,待核对,https://github.com/goodpsychologistclaw/nct-archive,source-2026-10-09
INST-0644,济南远航青少年心理辅导中心,,山东,济南市,待核对,https://github.com/goodpsychologistclaw/nct-archive,source-2026-10-09
INST-0645,济南重生素质教育基地,,山东,济南市,待核对,https://github.com/goodpsychologistclaw/nct-archive,source-2026-10-09
INST-0646,济南锦程叛逆少年管教学校,,山东,济南市,待核对,https://github.com/goodpsychologistclaw/nct-archive,source-2026-10-09
INST-0647,济南阳光成长教育基地,,山东,济南市,待核对,https://github.com/goodpsychologistclaw/nct-archive,source-2026-10-09
INST-0648,济南雷鹰青少年素质基地,,山东,济南市,待核对,https://github.com/goodpsychologistclaw/nct-archive,source-2026-10-09
INST-0649,济南黄河教育,,山东,济南市,待核对,https://github.com/goodpsychologistclaw/nct-archive,source-2026-10-09
INST-0650,济宁善一特训学校,,山东,济宁市,待核对,https://github.com/goodpsychologistclaw/nct-archive,source-2026-10-09
INST-0651,济宁善聆青少年教育,,山东,济宁市,待核对,https://github.com/goodpsychologistclaw/nct-archive,source-2026-10-09
INST-0652,济宁圣裔成长基地,,山东,济宁市,待核对,https://github.com/goodpsychologistclaw/nct-archive,source-2026-10-09
INST-0653,济宁慧诺特特训,,山东,济宁市,待核对,https://github.com/goodpsychologistclaw/nct-archive,source-2026-10-09
INST-0654,济宁明德励志戒网瘾,,山东,济宁市,待核对,https://github.com/goodpsychologistclaw/nct-archive,source-2026-10-09
INST-0655,济宁正苗启德汶上校区,,山东,济宁市,待核对,https://github.com/goodpsychologistclaw/nct-archive,source-2026-10-09
INST-0656,济宁正苗启德特训,,山东,济宁市,待核对,https://github.com/goodpsychologistclaw/nct-archive,source-2026-10-09
INST-0657,济宁渝辉戒网瘾学校,,山东,济宁市,待核对,https://github.com/goodpsychologistclaw/nct-archive,source-2026-10-09
INST-0658,济宁简诚拓展,,山东,济宁市,待核对,https://github.com/goodpsychologistclaw/nct-archive,source-2026-10-09
INST-0660,济宁重生教育,,山东,济宁市,待核对,https://github.com/goodpsychologistclaw/nct-archive,source-2026-10-09
INST-0661,济宁金优青少年矫正学校,,山东,济宁市,待核对,https://github.com/goodpsychologistclaw/nct-archive,source-2026-10-09
INST-0667,淄博德志学校,,山东,,待核对,https://github.com/goodpsychologistclaw/nct-archive,source-2026-10-09
INST-0668,淄博德志学校,,山东,淄博市,待核对,https://github.com/FunctionSir/PanDefenseProject,source-2026-10-09
INST-0669,淄博德志教育学校,,山东,淄博市,待核对,https://github.com/goodpsychologistclaw/nct-archive,source-2026-10-09
INST-0670,淄博德育青少年特训,,山东,,待核对,https://github.com/goodpsychologistclaw/nct-archive,source-2026-10-09
INST-0671,淄博慧诺特特训,,山东,淄博市,待核对,https://github.com/goodpsychologistclaw/nct-archive,source-2026-10-09
INST-0672,淄博新希望矫正基地,,山东,淄博市,待核对,https://github.com/goodpsychologistclaw/nct-archive,source-2026-10-09
INST-0673,淄博正苗启德特训,,山东,淄博市,待核对,https://github.com/goodpsychologistclaw/nct-archive,source-2026-10-09
INST-0674,淄博简诚拓展特训基地,,山东,淄博市,待核对,https://github.com/goodpsychologistclaw/nct-archive,source-2026-10-09
INST-0675,淄博育德青少年素质学校,,山东,淄博市,待核对,https://github.com/goodpsychologistclaw/nct-archive,source-2026-10-09
INST-0676,淄博阳光青少年成长营,,山东,淄博市,待核对,https://github.com/goodpsychologistclaw/nct-archive,source-2026-10-09
INST-0740,滨州明德励志,,山东,滨州市,待核对,https://github.com/goodpsychologistclaw/nct-archive,source-2026-10-09
INST-0741,滨州正苗启德,,山东,滨州市,待核对,https://github.com/goodpsychologistclaw/nct-archive,source-2026-10-09
INST-0742,滨州沾化正心特训,,山东,滨州市,待核对,https://github.com/goodpsychologistclaw/nct-archive,source-2026-10-09
INST-0743,滨州青少年行为矫正基地,,山东,滨州市,待核对,https://github.com/goodpsychologistclaw/nct-archive,source-2026-10-09
INST-0749,潍坊儒源青少年成长学校,,山东,潍坊市,待核对,https://github.com/goodpsychologistclaw/nct-archive,source-2026-10-09
INST-0750,潍坊善聆教育,,山东,潍坊市,待核对,https://github.com/goodpsychologistclaw/nct-archive,source-2026-10-09
INST-0751,潍坊国瑾教育,,山东,潍坊市,待核对,https://github.com/goodpsychologistclaw/nct-archive,source-2026-10-09
INST-0752,潍坊明德启航戒网瘾,,山东,潍坊市,待核对,https://github.com/goodpsychologistclaw/nct-archive,source-2026-10-09
INST-0753,潍坊智远叛逆培育营,,山东,潍坊市,待核对,https://github.com/goodpsychologistclaw/nct-archive,source-2026-10-09
INST-0754,潍坊正成青少年心理成长基地,,山东,潍坊市,待核对,https://github.com/goodpsychologistclaw/nct-archive,source-2026-10-09
INST-0755,潍坊正苗启德特训,,山东,潍坊市,待核对,https://github.com/goodpsychologistclaw/nct-archive,source-2026-10-09
INST-0756,潍坊润德特训学校,,山东,潍坊市,待核对,https://github.com/goodpsychologistclaw/nct-archive,source-2026-10-09
INST-0757,潍坊网络脱敏基地,,山东,潍坊市,待核对,https://github.com/goodpsychologistclaw/nct-archive,source-2026-10-09
INST-0758,潍坊金色年华戒除网瘾,,山东,潍坊市,待核对,https://github.com/goodpsychologistclaw/nct-archive,source-2026-10-09
INST-0759,潍坊龙行天下封闭学校,,山东,潍坊市,待核对,https://github.com/goodpsychologistclaw/nct-archive,source-2026-10-09
INST-0768,烟台希望之星矫正学校,,山东,烟台市,待核对,https://github.com/goodpsychologistclaw/nct-archive,source-2026-10-09
INST-0769,烟台明德励志教育,,山东,烟台市,待核对,https://github.com/goodpsychologistclaw/nct-archive,source-2026-10-09
INST-0770,烟台正苗启德特训,,山东,烟台市,待核对,https://github.com/goodpsychologistclaw/nct-archive,source-2026-10-09
INST-0771,烟台砺剑青少年成长基地,,山东,烟台市,待核对,https://github.com/goodpsychologistclaw/nct-archive,source-2026-10-09
INST-0772,烟台行为重塑学校,,山东,烟台市,待核对,https://github.com/goodpsychologistclaw/nct-archive,source-2026-10-09
INST-0827,聊城慧诺特特训,,山东,聊城市,待核对,https://github.com/goodpsychologistclaw/nct-archive,source-2026-10-09
INST-0828,聊城明德励志教育,,山东,聊城市,待核对,https://github.com/goodpsychologistclaw/nct-archive,source-2026-10-09
INST-0829,聊城正苗启德特训,,山东,聊城市,待核对,https://github.com/goodpsychologistclaw/nct-archive,source-2026-10-09
INST-0830,聊城渝辉戒网瘾,,山东,聊城市,待核对,https://github.com/goodpsychologistclaw/nct-archive,source-2026-10-09
INST-0831,聊城简诚拓展,,山东,聊城市,待核对,https://github.com/goodpsychologistclaw/nct-archive,source-2026-10-09
INST-0832,聊城综合素质基地,,山东,聊城市,待核对,https://github.com/goodpsychologistclaw/nct-archive,source-2026-10-09
INST-0847,菏泽德育青少年特训,,山东,菏泽市,待核对,https://github.com/goodpsychologistclaw/nct-archive,source-2026-10-09
INST-0848,菏泽新起点行为矫正,,山东,菏泽市,待核对,https://github.com/goodpsychologistclaw/nct-archive,source-2026-10-09
INST-0849,菏泽明德励志,,山东,菏泽市,待核对,https://github.com/goodpsychologistclaw/nct-archive,source-2026-10-09
INST-0850,菏泽正苗启德特训,,山东,菏泽市,待核对,https://github.com/goodpsychologistclaw/nct-archive,source-2026-10-09
INST-0851,菏泽简诚拓展基地,,山东,菏泽市,待核对,https://github.com/goodpsychologistclaw/nct-archive,source-2026-10-09
INST-0852,菏泽翼风成长特训基地,,山东,菏泽市,待核对,https://github.com/goodpsychologistclaw/nct-archive,source-2026-10-09
INST-0853,菏泽诚心叛逆封闭学校,,山东,菏泽市,待核对,https://github.com/goodpsychologistclaw/nct-archive,source-2026-10-09
INST-0854,菏泽重生教育,,山东,菏泽市,待核对,https://github.com/goodpsychologistclaw/nct-archive,source-2026-10-09
INST-1211,青岛启德叛逆矫正,,山东,青岛市,待核对,https://github.com/goodpsychologistclaw/nct-archive,source-2026-10-09
INST-1212,青岛善一特训学校,,山东,青岛市,待核对,https://github.com/goodpsychologistclaw/nct-archive,source-2026-10-09
INST-1213,青岛弘毅素质教育,,山东,青岛市,待核对,https://github.com/goodpsychologistclaw/nct-archive,source-2026-10-09
INST-1214,青岛慧诺特特训,,山东,青岛市,待核对,https://github.com/goodpsychologistclaw/nct-archive,source-2026-10-09
INST-1215,青岛明德励志教育,,山东,青岛市,待核对,https://github.com/goodpsychologistclaw/nct-archive,source-2026-10-09
INST-1216,青岛正苗启德特训,,山东,青岛市,待核对,https://github.com/goodpsychologistclaw/nct-archive,source-2026-10-09
INST-1217,青岛渝辉戒网瘾学校,,山东,青岛市,待核对,https://github.com/goodpsychologistclaw/nct-archive,source-2026-10-09
INST-1218,青岛简诚拓展基地,,山东,青岛市,待核对,https://github.com/goodpsychologistclaw/nct-archive,source-2026-10-09
INST-1219,青岛纽特心理教育基地,,山东,青岛市,待核对,https://github.com/goodpsychologistclaw/nct-archive,source-2026-10-09
INST-1220,青岛至善素质教育,,山东,青岛市,待核对,https://github.com/goodpsychologistclaw/nct-archive,source-2026-10-09
INST-1221,青岛重生素质教育,,山东,青岛市,待核对,https://github.com/goodpsychologistclaw/nct-archive,source-2026-10-09
INST-1222,青岛阳光成长基地,,山东,青岛市,待核对,https://github.com/goodpsychologistclaw/nct-archive,source-2026-10-09
INST-0003,三门峡明德教育基地,,河南,三门峡市,待核对,https://github.com/goodpsychologistclaw/nct-archive,source-2026-10-09
INST-0004,三门峡砺剑特训学校,,河南,三门峡市,待核对,https://github.com/goodpsychologistclaw/nct-archive,source-2026-10-09
INST-0005,三门峡豫康成长中心,,河南,三门峡市,待核对,https://github.com/goodpsychologistclaw/nct-archive,source-2026-10-09
INST-0006,三门峡豫龙特训基地,,河南,三门峡市,待核对,https://github.com/goodpsychologistclaw/nct-archive,source-2026-10-09
INST-0007,三门峡阳光成长学校,,河南,三门峡市,待核对,https://github.com/goodpsychologistclaw/nct-archive,source-2026-10-09
INST-0025,中原启智教育,,河南,郑州市,待核对,https://github.com/goodpsychologistclaw/nct-archive,source-2026-10-09
INST-0026,中原青春重塑基地,,河南,郑州市,待核对,https://github.com/goodpsychologistclaw/nct-archive,source-2026-10-09
INST-0056,信阳励志少年管教基地,,河南,信阳市,待核对,https://github.com/goodpsychologistclaw/nct-archive,source-2026-10-09
INST-0057,信阳思图励志分校,,河南,信阳市,待核对,https://github.com/goodpsychologistclaw/nct-archive,source-2026-10-09
INST-0058,信阳护航青少年特训学校,,河南,信阳市,待核对,https://github.com/goodpsychologistclaw/nct-archive,source-2026-10-09
INST-0059,信阳新希望叛逆矫正学校,,河南,信阳市,待核对,https://github.com/goodpsychologistclaw/nct-archive,source-2026-10-09
INST-0060,信阳明德特训学校,,河南,信阳市,待核对,https://github.com/goodpsychologistclaw/nct-archive,source-2026-10-09
INST-0061,信阳砺剑特训基地,,河南,信阳市,待核对,https://github.com/goodpsychologistclaw/nct-archive,source-2026-10-09
INST-0062,信阳育英素质教育,,河南,信阳市,待核对,https://github.com/goodpsychologistclaw/nct-archive,source-2026-10-09
INST-0063,信阳豫康成长中心,,河南,信阳市,待核对,https://github.com/goodpsychologistclaw/nct-archive,source-2026-10-09
INST-0087,励萱教育信息咨询有限公司,,河南,三门峡市,待核对,https://www.thepaper.cn/newsDetail_forward_33290447,source-2026-10-09
INST-0118,南阳德志锦辉素质教育,,河南,南阳市,待核对,https://github.com/goodpsychologistclaw/nct-archive,source-2026-10-09
INST-0119,南阳心阳光成长学校,,河南,南阳市,待核对,https://github.com/goodpsychologistclaw/nct-archive,source-2026-10-09
INST-0120,南阳指南针心理智业,,河南,南阳市,待核对,https://github.com/goodpsychologistclaw/nct-archive,source-2026-10-09
INST-0121,南阳明德励志特训学校,,河南,南阳市,待核对,https://github.com/goodpsychologistclaw/nct-archive,source-2026-10-09
INST-0122,南阳盛达青少年特训,,河南,南阳市,待核对,https://github.com/goodpsychologistclaw/nct-archive,source-2026-10-09
INST-0123,南阳知行行为矫正学校,,河南,南阳市,待核对,https://github.com/goodpsychologistclaw/nct-archive,source-2026-10-09
INST-0124,南阳砺剑青少年特训,,河南,南阳市,待核对,https://github.com/goodpsychologistclaw/nct-archive,source-2026-10-09
INST-0125,南阳绿洲教育中心,,河南,南阳市,待核对,https://github.com/goodpsychologistclaw/nct-archive,source-2026-10-09
INST-0126,南阳致远教育中心,,河南,南阳市,待核对,https://github.com/goodpsychologistclaw/nct-archive,source-2026-10-09
INST-0127,南阳豫龙特训基地,,河南,南阳市,待核对,https://github.com/goodpsychologistclaw/nct-archive,source-2026-10-09
INST-0128,南阳阳光成长基地,,河南,南阳市,待核对,https://github.com/goodpsychologistclaw/nct-archive,source-2026-10-09
INST-0143,周口博思教育,,河南,,待核对,https://github.com/goodpsychologistclaw/nct-archive,source-2026-10-09
INST-0144,周口明德励志特训,,河南,周口市,待核对,https://github.com/goodpsychologistclaw/nct-archive,source-2026-10-09
INST-0145,周口星蕴教育基地,,河南,周口市,待核对,https://github.com/goodpsychologistclaw/nct-archive,source-2026-10-09
INST-0146,周口正德青少年特训,,河南,,待核对,https://github.com/goodpsychologistclaw/nct-archive,source-2026-10-09
INST-0147,周口砺行特训学校,,河南,,待核对,https://github.com/goodpsychologistclaw/nct-archive,source-2026-10-09
INST-0148,周口聚贤叛逆特训学校,,河南,,待核对,https://github.com/goodpsychologistclaw/nct-archive,source-2026-10-09
INST-0149,周口育新叛逆孩子改造学校,,河南,,待核对,https://github.com/goodpsychologistclaw/nct-archive,source-2026-10-09
INST-0150,周口豫强成长学校,,河南,周口市,待核对,https://github.com/goodpsychologistclaw/nct-archive,source-2026-10-09
INST-0151,周口豫教青少年素质教育基地,,河南,周口市,待核对,https://github.com/goodpsychologistclaw/nct-archive,source-2026-10-09
INST-0158,商丘初心研学教育,,河南,,待核对,https://github.com/FunctionSir/PanDefenseProject,source-2026-10-09
INST-0159,商丘初心研学教育基地,商丘初心研学教育,河南,,待核对,https://github.com/FunctionSir/PanDefenseProject,source-2026-10-09
INST-0160,商丘启明青少年成长中心,,河南,,待核对,https://github.com/goodpsychologistclaw/nct-archive,source-2026-10-09
INST-0161,商丘思图励志分校,,河南,,待核对,https://github.com/goodpsychologistclaw/nct-archive,source-2026-10-09
INST-0162,商丘春雷特训学校,,河南,,待核对,https://github.com/goodpsychologistclaw/nct-archive,source-2026-10-09
INST-0163,商丘正德少年军校,,河南,,待核对,https://github.com/goodpsychologistclaw/nct-archive,source-2026-10-09
INST-0164,商丘育英素质教育,,河南,商丘市,待核对,https://github.com/goodpsychologistclaw/nct-archive,source-2026-10-09
INST-0165,商丘英朗叛逆学校,,河南,商丘市,待核对,https://github.com/goodpsychologistclaw/nct-archive,source-2026-10-09
INST-0166,商丘豫康成长中心,,河南,,待核对,https://github.com/goodpsychologistclaw/nct-archive,source-2026-10-09
INST-0167,商丘豫龙叛逆矫正学校,,河南,商丘市,待核对,https://github.com/goodpsychologistclaw/nct-archive,source-2026-10-09
INST-0168,商丘阳光少年特训营,,河南,商丘市,待核对,https://github.com/goodpsychologistclaw/nct-archive,source-2026-10-09
INST-0169,善聆南阳校区,,河南,南阳市,待核对,https://github.com/goodpsychologistclaw/nct-archive,source-2026-10-09
INST-0231,太行山砺行成长学校,,河南,安阳市,待核对,https://github.com/goodpsychologistclaw/nct-archive,source-2026-10-09
INST-0244,安阳励志少年军校,,河南,安阳市,待核对,https://github.com/goodpsychologistclaw/nct-archive,source-2026-10-09
INST-0245,安阳启航特训学校,,河南,安阳市,待核对,https://github.com/goodpsychologistclaw/nct-archive,source-2026-10-09
INST-0246,安阳慧德青少年矫正中心,,河南,安阳市,待核对,https://github.com/goodpsychologistclaw/nct-archive,source-2026-10-09
INST-0247,安阳新希望行为矫正基地,,河南,安阳市,待核对,https://github.com/goodpsychologistclaw/nct-archive,source-2026-10-09
INST-0248,安阳新希望青少年封闭式改造学校,,河南,安阳市,待核对,https://github.com/goodpsychologistclaw/nct-archive,source-2026-10-09
INST-0249,安阳明德全封闭管理学校,,河南,安阳市,待核对,https://github.com/goodpsychologistclaw/nct-archive,source-2026-10-09
INST-0250,安阳砺行特训学校,,河南,安阳市,待核对,https://github.com/goodpsychologistclaw/nct-archive,source-2026-10-09
INST-0251,安阳豫北战狼特训营,,河南,安阳市,待核对,https://github.com/goodpsychologistclaw/nct-archive,source-2026-10-09
INST-0252,安阳阳光成长基地,,河南,安阳市,待核对,https://github.com/goodpsychologistclaw/nct-archive,source-2026-10-09
INST-0284,嵩山少林文武学校,,河南,郑州市,待核对,https://github.com/goodpsychologistclaw/nct-archive,source-2026-10-09
INST-0285,嵩山正德教育,,河南,登封市,待核对,https://github.com/goodpsychologistclaw/nct-archive,source-2026-10-09
INST-0290,平顶山叶县叛逆管教所,,河南,平顶山市,待核对,https://github.com/goodpsychologistclaw/nct-archive,source-2026-10-09
INST-0291,平顶山启航特训学校,,河南,平顶山市,待核对,https://github.com/goodpsychologistclaw/nct-archive,source-2026-10-09
INST-0292,平顶山少年管教所特训营,,河南,平顶山市,待核对,https://github.com/goodpsychologistclaw/nct-archive,source-2026-10-09
INST-0293,平顶山正德青少年特训,,河南,平顶山市,待核对,https://github.com/goodpsychologistclaw/nct-archive,source-2026-10-09
INST-0294,平顶山郏县励志特训学校,,河南,平顶山市,待核对,https://github.com/goodpsychologistclaw/nct-archive,source-2026-10-09
INST-0295,平顶山鲁山成长矫正学校,,河南,平顶山市,待核对,https://github.com/goodpsychologistclaw/nct-archive,source-2026-10-09
INST-0333,开封华心励志特训,,河南,开封市,待核对,https://github.com/goodpsychologistclaw/nct-archive,source-2026-10-09
INST-0334,开封怡爱教育科技有限公司,,河南,开封市,待核对,https://github.com/FunctionSir/PanDefenseProject,source-2026-10-09
INST-0335,开封护航叛逆少年矫正中心,,河南,开封市,待核对,https://github.com/goodpsychologistclaw/nct-archive,source-2026-10-09
INST-0336,开封明德励志学校,,河南,开封市,待核对,https://github.com/goodpsychologistclaw/nct-archive,source-2026-10-09
INST-0337,开封立德叛逆矫正学校,,河南,开封市,待核对,https://github.com/goodpsychologistclaw/nct-archive,source-2026-10-09
INST-0338,开封纽特心理基地,,河南,开封市,待核对,https://github.com/goodpsychologistclaw/nct-archive,source-2026-10-09
INST-0339,开封豫北特训分校,,河南,开封市,待核对,https://github.com/goodpsychologistclaw/nct-archive,source-2026-10-09
INST-0340,开封豫龙特训基地,,河南,开封市,待核对,https://github.com/goodpsychologistclaw/nct-archive,source-2026-10-09
INST-0341,开封阳光教育中心,,河南,,待核对,https://github.com/goodpsychologistclaw/nct-archive,source-2026-10-09
INST-0389,怡爱教育,河南开封怡爱青少年素质教育特训学校、开封怡爱教育科技有限公司,河南,开封市,待核对,https://github.com/FunctionSir/PanDefenseProject,source-2026-10-09
INST-0398,慧诺特商丘校区,,河南,商丘市,待核对,https://github.com/goodpsychologistclaw/nct-archive,source-2026-10-09
INST-0399,慧诺特安阳校区,,河南,,待核对,https://github.com/goodpsychologistclaw/nct-archive,source-2026-10-09
INST-0410,护航教育南阳校区,,河南,南阳市,待核对,https://github.com/goodpsychologistclaw/nct-archive,source-2026-10-09
INST-0411,护航教育许昌校区,,河南,许昌市,待核对,https://github.com/goodpsychologistclaw/nct-archive,source-2026-10-09
INST-0421,新乡华仁教育培训学校,,河南,新乡市,待核对,https://github.com/goodpsychologistclaw/nct-archive,source-2026-10-09
INST-0422,新乡启航青少年特训中心,,河南,新乡市,待核对,https://github.com/goodpsychologistclaw/nct-archive,source-2026-10-09
INST-0423,新乡封丘黄陵特训基地,,河南,,待核对,https://github.com/goodpsychologistclaw/nct-archive,source-2026-10-09
INST-0424,新乡心灵成长基地,,河南,新乡市,待核对,https://github.com/goodpsychologistclaw/nct-archive,source-2026-10-09
INST-0425,新乡知行教育中心,,河南,新乡市,待核对,https://github.com/goodpsychologistclaw/nct-archive,source-2026-10-09
INST-0426,新乡立德行为矫正学校,,河南,新乡市,待核对,https://github.com/goodpsychologistclaw/nct-archive,source-2026-10-09
INST-0427,新乡逆反文武特训,,河南,新乡市,待核对,https://github.com/goodpsychologistclaw/nct-archive,source-2026-10-09
INST-0428,新乡阳光少年特训营,,河南,新乡市,待核对,https://github.com/goodpsychologistclaw/nct-archive,source-2026-10-09
INST-0450,李锋教育周口基地,,河南,周口市,待核对,https://github.com/goodpsychologistclaw/nct-archive,source-2026-10-09
INST-0451,李锋教育新乡基地,,河南,新乡市,待核对,https://github.com/goodpsychologistclaw/nct-archive,source-2026-10-09
INST-0484,正苗启德三校,,河南,信阳市,待核对,https://github.com/goodpsychologistclaw/nct-archive,source-2026-10-09
INST-0485,正苗启德二校,,河南,周口市,待核对,https://github.com/goodpsychologistclaw/nct-archive,source-2026-10-09
INST-0488,正苗启德洛阳分校,,河南,洛阳市,待核对,https://github.com/goodpsychologistclaw/nct-archive,source-2026-10-09
INST-0525,汝州若水课外教育学校,,河南,平顶山市,待核对,https://github.com/goodpsychologistclaw/nct-archive,source-2026-10-09
INST-0539,河南众德励志教育,,河南,郑州市,待核对,https://github.com/goodpsychologistclaw/nct-archive,source-2026-10-09
INST-0540,河南关兴教育少年戒网学校,,河南,,待核对,https://github.com/goodpsychologistclaw/nct-archive,source-2026-10-09
INST-0541,河南创德特训,,河南,开封市,待核对,https://github.com/goodpsychologistclaw/nct-archive,source-2026-10-09
INST-0542,河南励心智青少年特训,,河南,新郑市,待核对,https://github.com/goodpsychologistclaw/nct-archive,source-2026-10-09
INST-0543,河南华力特训学校,,河南,,待核对,https://github.com/goodpsychologistclaw/nct-archive,source-2026-10-09
INST-0544,河南启善青少年成长中心,,河南,新郑市,待核对,https://github.com/goodpsychologistclaw/nct-archive,source-2026-10-09
INST-0545,河南启德叛逆学校,,河南,郑州市,待核对,https://github.com/goodpsychologistclaw/nct-archive,source-2026-10-09
INST-0548,河南善聆成长教育,,河南,郑州市,待核对,https://github.com/goodpsychologistclaw/nct-archive,source-2026-10-09
INST-0550,河南孔德特训基地,,河南,荥阳市,待核对,https://github.com/goodpsychologistclaw/nct-archive,source-2026-10-09
INST-0551,河南开封怡爱青少年素质教育特训学校,,河南,开封市,待核对,https://github.com/FunctionSir/PanDefenseProject,source-2026-10-09
INST-0552,河南弦歌素质教育学校,,河南,,待核对,https://github.com/goodpsychologistclaw/nct-archive,source-2026-10-09
INST-0553,河南强旺叛逆励志教育,,河南,荥阳市,待核对,https://github.com/goodpsychologistclaw/nct-archive,source-2026-10-09
INST-0554,河南德尚励志教育,,河南,荥阳市,待核对,https://github.com/goodpsychologistclaw/nct-archive,source-2026-10-09
INST-0555,河南心晴心理咨询,,河南,南阳市,待核对,https://github.com/goodpsychologistclaw/nct-archive,source-2026-10-09
INST-0556,河南志华成长学院,,河南,,待核对,https://github.com/goodpsychologistclaw/nct-archive,source-2026-10-09
INST-0558,河南战龙素质教育学校,,河南,新郑市,待核对,https://github.com/goodpsychologistclaw/nct-archive,source-2026-10-09
INST-0559,河南护航国防教育戒网学校,,河南,郑州市,待核对,https://github.com/goodpsychologistclaw/nct-archive,source-2026-10-09
INST-0561,河南护航教育（郑州校区）,,河南,郑州市,待核对,https://github.com/goodpsychologistclaw/nct-archive,source-2026-10-09
INST-0563,河南新起点励志教育学校,,河南,郑州市,待核对,https://github.com/goodpsychologistclaw/nct-archive,source-2026-10-09
INST-0564,河南明德阳光成长营地,,河南,荥阳市,待核对,https://github.com/goodpsychologistclaw/nct-archive,source-2026-10-09
INST-0565,河南朝阳叛逆戒网学校,,河南,,待核对,https://github.com/goodpsychologistclaw/nct-archive,source-2026-10-09
INST-0566,河南李锋素质教育,,河南,郑州市,待核对,https://github.com/goodpsychologistclaw/nct-archive,source-2026-10-09
INST-0567,河南柯贞拓展（柯贞素质营）,,河南,新郑市,待核对,https://github.com/goodpsychologistclaw/nct-archive,source-2026-10-09
INST-0568,河南树人青少年素质学校,,河南,郑州市,待核对,https://github.com/goodpsychologistclaw/nct-archive,source-2026-10-09
INST-0569,河南格恒青春期教育学校,,河南,郑州市,待核对,https://github.com/goodpsychologistclaw/nct-archive,source-2026-10-09
INST-0570,河南正德青少年矫正学校,,河南,荥阳市,待核对,https://github.com/goodpsychologistclaw/nct-archive,source-2026-10-09
INST-0571,河南正念心理工作室,,河南,郑州市,待核对,https://github.com/goodpsychologistclaw/nct-archive,source-2026-10-09
INST-0572,河南正苗启德特训基地,,河南,郑州市,待核对,https://github.com/goodpsychologistclaw/nct-archive,source-2026-10-09
INST-0573,河南环帝心理干预学校,,河南,郑州市,待核对,https://github.com/goodpsychologistclaw/nct-archive,source-2026-10-09
INST-0574,河南直利特教（郑州校区）,,河南,荥阳市,待核对,https://github.com/goodpsychologistclaw/nct-archive,source-2026-10-09
INST-0576,河南省聚贤教育,,河南,,待核对,https://github.com/goodpsychologistclaw/nct-archive,source-2026-10-09
INST-0577,河南纽特心理教育,,河南,郑州市,待核对,https://github.com/goodpsychologistclaw/nct-archive,source-2026-10-09
INST-0578,河南若水青少年素质教育基地,,河南,新密市,待核对,https://github.com/goodpsychologistclaw/nct-archive,source-2026-10-09
INST-0579,河南菜鸟砺志戒网学校,,河南,郑州市,待核对,https://github.com/goodpsychologistclaw/nct-archive,source-2026-10-09
INST-0580,河南豫北青少年叛逆矫正学校,,河南,郑州市,待核对,https://github.com/goodpsychologistclaw/nct-archive,source-2026-10-09
INST-0581,河南豫康成长教育,,河南,郑州市,待核对,https://github.com/goodpsychologistclaw/nct-archive,source-2026-10-09
INST-0582,河南豫强特训基地,,河南,新密市,待核对,https://github.com/goodpsychologistclaw/nct-archive,source-2026-10-09
INST-0583,河南豫教青少年成长基地,,河南,,待核对,https://github.com/goodpsychologistclaw/nct-archive,source-2026-10-09
INST-0584,河南豫见心理工作室,,河南,郑州市,待核对,https://github.com/goodpsychologistclaw/nct-archive,source-2026-10-09
INST-0586,河南雅圣思素质教育基地,,河南,,待核对,https://github.com/goodpsychologistclaw/nct-archive,source-2026-10-09
INST-0587,河南雷鹰特训教育中心,,河南,荥阳市,待核对,https://github.com/goodpsychologistclaw/nct-archive,source-2026-10-09
INST-0588,河南龙剑戒网瘾学校,,河南,,待核对,https://github.com/goodpsychologistclaw/nct-archive,source-2026-10-09
INST-0601,洛阳兴华励志学府,,河南,洛阳市,待核对,https://github.com/goodpsychologistclaw/nct-archive,source-2026-10-09
INST-0602,洛阳励萱特训营,,河南,洛阳市,待核对,https://github.com/goodpsychologistclaw/nct-archive,source-2026-10-09
INST-0603,洛阳向阳成长中心,,河南,洛阳市,待核对,https://github.com/goodpsychologistclaw/nct-archive,source-2026-10-09
INST-0604,洛阳启德青少年特训,,河南,洛阳市,待核对,https://github.com/goodpsychologistclaw/nct-archive,source-2026-10-09
INST-0605,洛阳启思青少年成长研究院,,河南,洛阳市,待核对,https://github.com/goodpsychologistclaw/nct-archive,source-2026-10-09
INST-0606,洛阳大正青少年国学基地,,河南,洛阳市,待核对,https://github.com/goodpsychologistclaw/nct-archive,source-2026-10-09
INST-0607,洛阳希望学院,,河南,洛阳市,待核对,https://github.com/goodpsychologistclaw/nct-archive,source-2026-10-09
INST-0608,洛阳德善美青少年特训营,,河南,洛阳市,待核对,https://github.com/goodpsychologistclaw/nct-archive,source-2026-10-09
INST-0609,洛阳心种子教育研究院,,河南,洛阳市,待核对,https://github.com/goodpsychologistclaw/nct-archive,source-2026-10-09
INST-0610,洛阳志和青少年成长中心,,河南,洛阳市,待核对,https://github.com/goodpsychologistclaw/nct-archive,source-2026-10-09
INST-0611,洛阳思诺行行为矫正学校,,河南,洛阳市,待核对,https://github.com/goodpsychologistclaw/nct-archive,source-2026-10-09
INST-0612,洛阳慧诺特青少年心理学院,,河南,洛阳市,待核对,https://github.com/goodpsychologistclaw/nct-archive,source-2026-10-09
INST-0613,洛阳护航青少年成长学院,,河南,洛阳市,待核对,https://github.com/goodpsychologistclaw/nct-archive,source-2026-10-09
INST-0614,洛阳新叶青少年特训学校,,河南,洛阳市,待核对,https://github.com/goodpsychologistclaw/nct-archive,source-2026-10-09
INST-0615,洛阳新航路教育基地,,河南,洛阳市,待核对,https://github.com/goodpsychologistclaw/nct-archive,source-2026-10-09
INST-0616,洛阳明心心理工作室,,河南,洛阳市,待核对,https://github.com/goodpsychologistclaw/nct-archive,source-2026-10-09
INST-0617,洛阳晨曦心理咨询,,河南,洛阳市,待核对,https://github.com/goodpsychologistclaw/nct-archive,source-2026-10-09
INST-0618,洛阳杰龙叛逆分院,,河南,洛阳市,待核对,https://github.com/goodpsychologistclaw/nct-archive,source-2026-10-09
INST-0619,洛阳爱德思睿行为重塑学院,,河南,洛阳市,待核对,https://github.com/goodpsychologistclaw/nct-archive,source-2026-10-09
INST-0620,洛阳纽特青少年成长学院,,河南,洛阳市,待核对,https://github.com/goodpsychologistclaw/nct-archive,source-2026-10-09
INST-0621,洛阳逆反文武特训,,河南,洛阳市,待核对,https://github.com/goodpsychologistclaw/nct-archive,source-2026-10-09
INST-0622,洛阳阳光少年教育基地,,河南,洛阳市,待核对,https://github.com/goodpsychologistclaw/nct-archive,source-2026-10-09
INST-0623,洛阳阳光成长院,,河南,洛阳市,待核对,https://github.com/goodpsychologistclaw/nct-archive,source-2026-10-09
INST-0662,济源励萱特训营,,河南,济源市,待核对,https://github.com/goodpsychologistclaw/nct-archive,source-2026-10-09
INST-0663,济源明德青少年成长中心,,河南,,待核对,https://github.com/goodpsychologistclaw/nct-archive,source-2026-10-09
INST-0664,济源育才特训学校,,河南,济源市,待核对,https://github.com/goodpsychologistclaw/nct-archive,source-2026-10-09
INST-0665,济源豫龙特训基地,,河南,,待核对,https://github.com/goodpsychologistclaw/nct-archive,source-2026-10-09
INST-0677,淮阳区陈风学校,,河南,周口市,待核对,https://github.com/goodpsychologistclaw/nct-archive,source-2026-10-09
INST-0744,漯河少管所特训学校,,河南,漯河市,待核对,https://github.com/goodpsychologistclaw/nct-archive,source-2026-10-09
INST-0745,漯河心航线教育,,河南,漯河市,待核对,https://github.com/goodpsychologistclaw/nct-archive,source-2026-10-09
INST-0746,漯河明德成长中心,,河南,漯河市,待核对,https://github.com/goodpsychologistclaw/nct-archive,source-2026-10-09
INST-0747,漯河砺行特训学校,,河南,漯河市,待核对,https://github.com/goodpsychologistclaw/nct-archive,source-2026-10-09
INST-0748,漯河育才叛逆管教学校,,河南,漯河市,待核对,https://github.com/goodpsychologistclaw/nct-archive,source-2026-10-09
INST-0763,濮阳少管所特训学校,,河南,濮阳市,待核对,https://github.com/goodpsychologistclaw/nct-archive,source-2026-10-09
INST-0764,濮阳晨曦青少年矫正,,河南,,待核对,https://github.com/goodpsychologistclaw/nct-archive,source-2026-10-09
INST-0765,濮阳豫强成长基地,,河南,濮阳市,待核对,https://github.com/goodpsychologistclaw/nct-archive,source-2026-10-09
INST-0766,濮阳阳光少年特训营,,河南,濮阳市,待核对,https://github.com/goodpsychologistclaw/nct-archive,source-2026-10-09
INST-0767,濮阳领航教育,,河南,濮阳市,待核对,https://github.com/goodpsychologistclaw/nct-archive,source-2026-10-09
INST-0773,焦作乐陶教育基地,,河南,焦作市,待核对,https://github.com/goodpsychologistclaw/nct-archive,source-2026-10-09
INST-0774,焦作励萱特训分校,,河南,焦作市,待核对,https://github.com/goodpsychologistclaw/nct-archive,source-2026-10-09
INST-0775,焦作弘德叛逆青少年学校,,河南,,待核对,https://github.com/goodpsychologistclaw/nct-archive,source-2026-10-09
INST-0776,焦作朝阳青少年成长中心,,河南,焦作市,待核对,https://github.com/goodpsychologistclaw/nct-archive,source-2026-10-09
INST-0777,焦作豫康成长中心,,河南,焦作市,待核对,https://github.com/goodpsychologistclaw/nct-archive,source-2026-10-09
INST-0778,焦作豫龙特训基地,,河南,焦作市,待核对,https://github.com/goodpsychologistclaw/nct-archive,source-2026-10-09
INST-0779,焦作逆反文武特训,,河南,,待核对,https://github.com/goodpsychologistclaw/nct-archive,source-2026-10-09
INST-0780,焦作阳光叛逆矫正学校,,河南,焦作市,待核对,https://github.com/goodpsychologistclaw/nct-archive,source-2026-10-09
INST-0807,直利特教商丘校区,,河南,,待核对,https://github.com/goodpsychologistclaw/nct-archive,source-2026-10-09
INST-0821,纽特心理（鹤壁分校）,,河南,鹤壁市,待核对,https://github.com/goodpsychologistclaw/nct-archive,source-2026-10-09
INST-0876,许昌启航青少年成长中心,,河南,许昌市,待核对,https://github.com/goodpsychologistclaw/nct-archive,source-2026-10-09
INST-0877,许昌思图励志分校,,河南,许昌市,待核对,https://github.com/goodpsychologistclaw/nct-archive,source-2026-10-09
INST-0878,许昌慧诺特特训分校,,河南,许昌市,待核对,https://github.com/goodpsychologistclaw/nct-archive,source-2026-10-09
INST-0879,许昌未来之星封闭学校,,河南,许昌市,待核对,https://github.com/goodpsychologistclaw/nct-archive,source-2026-10-09
INST-0880,许昌正心特训学校,,河南,许昌市,待核对,https://github.com/goodpsychologistclaw/nct-archive,source-2026-10-09
INST-0881,许昌砺剑特训学校,,河南,许昌市,待核对,https://github.com/goodpsychologistclaw/nct-archive,source-2026-10-09
INST-0882,许昌豫康成长中心,,河南,许昌市,待核对,https://github.com/goodpsychologistclaw/nct-archive,source-2026-10-09
INST-0883,许昌逆反文武特训,,河南,许昌市,待核对,https://github.com/goodpsychologistclaw/nct-archive,source-2026-10-09
INST-0884,许昌阳光叛逆孩子管教学校,,河南,,待核对,https://github.com/goodpsychologistclaw/nct-archive,source-2026-10-09
INST-0940,郑州乐陶教育基地,,河南,新郑市,待核对,https://github.com/goodpsychologistclaw/nct-archive,source-2026-10-09
INST-0941,郑州励萱青少年成长营,,河南,登封市,待核对,https://github.com/goodpsychologistclaw/nct-archive,source-2026-10-09
INST-0942,郑州华心少年军校,,河南,郑州市,待核对,https://github.com/goodpsychologistclaw/nct-archive,source-2026-10-09
INST-0943,郑州华育青少年教育基地,,河南,新郑市,待核对,https://github.com/goodpsychologistclaw/nct-archive,source-2026-10-09
INST-0944,郑州博思教育,,河南,郑州市,待核对,https://github.com/goodpsychologistclaw/nct-archive,source-2026-10-09
INST-0945,郑州启泰叛逆学校,,河南,新郑市,待核对,https://github.com/goodpsychologistclaw/nct-archive,source-2026-10-09
INST-0946,郑州善聆青少年成长研究院,,河南,郑州市,待核对,https://github.com/goodpsychologistclaw/nct-archive,source-2026-10-09
INST-0947,郑州市启航青少年成长中心,,河南,郑州市,待核对,https://github.com/goodpsychologistclaw/nct-archive,source-2026-10-09
INST-0948,郑州德志未来素质教育基地,,河南,郑州市,待核对,https://github.com/goodpsychologistclaw/nct-archive,source-2026-10-09
INST-0949,郑州心之语心理咨询,,河南,郑州市,待核对,https://github.com/goodpsychologistclaw/nct-archive,source-2026-10-09
INST-0950,郑州心航线教育,,河南,郑州市,待核对,https://github.com/goodpsychologistclaw/nct-archive,source-2026-10-09
INST-0951,郑州思图励志教育学校,,河南,,待核对,https://github.com/goodpsychologistclaw/nct-archive,source-2026-10-09
INST-0953,郑州慧诺特戒网瘾学校,,河南,荥阳市,待核对,https://github.com/goodpsychologistclaw/nct-archive,source-2026-10-09
INST-0954,郑州搏强新观念学校,,河南,郑州市,待核对,https://github.com/goodpsychologistclaw/nct-archive,source-2026-10-09
INST-0955,郑州明德少年学院,,河南,新郑市,待核对,https://github.com/goodpsychologistclaw/nct-archive,source-2026-10-09
INST-0956,郑州明德教育基地,,河南,荥阳市,待核对,https://github.com/goodpsychologistclaw/nct-archive,source-2026-10-09
INST-0957,郑州星火行为矫正学校,,河南,郑州市,待核对,https://github.com/goodpsychologistclaw/nct-archive,source-2026-10-09
INST-0958,郑州智慧树青少年成长中心,,河南,郑州市,待核对,https://github.com/goodpsychologistclaw/nct-archive,source-2026-10-09
INST-0959,郑州李锋青少年成长家园,,河南,,待核对,https://github.com/goodpsychologistclaw/nct-archive,source-2026-10-09
INST-0960,郑州杰龙叛逆行为重塑学院,,河南,,待核对,https://github.com/goodpsychologistclaw/nct-archive,source-2026-10-09
INST-0961,郑州梦之翼戒网学校,,河南,郑州市,待核对,https://github.com/goodpsychologistclaw/nct-archive,source-2026-10-09
INST-0963,郑州爱之语心理,,河南,郑州市,待核对,https://github.com/goodpsychologistclaw/nct-archive,source-2026-10-09
INST-0964,郑州羽林郎青少年特训,,河南,荥阳市,待核对,https://github.com/goodpsychologistclaw/nct-archive,source-2026-10-09
INST-0965,郑州翔宇青少年训练营,,河南,荥阳市,待核对,https://github.com/goodpsychologistclaw/nct-archive,source-2026-10-09
INST-0966,郑州聚贤叛逆特训学校,,河南,荥阳市,待核对,https://github.com/goodpsychologistclaw/nct-archive,source-2026-10-09
INST-0967,郑州西苑青少年成长学院,,河南,,待核对,https://github.com/goodpsychologistclaw/nct-archive,source-2026-10-09
INST-0969,郑州阳光少年教育基地,,河南,,待核对,https://github.com/goodpsychologistclaw/nct-archive,source-2026-10-09
INST-0970,郑州阳光峡湾青少年特训营,,河南,,待核对,https://github.com/goodpsychologistclaw/nct-archive,source-2026-10-09
INST-0971,郑州阳光心理康复学校,,河南,郑州市,待核对,https://github.com/goodpsychologistclaw/nct-archive,source-2026-10-09
INST-0972,郑州阳光成长学校,,河南,,待核对,https://github.com/goodpsychologistclaw/nct-archive,source-2026-10-09
INST-0973,郑州阳光青少年心理疏导教育基地,,河南,郑州市,待核对,https://github.com/goodpsychologistclaw/nct-archive,source-2026-10-09
INST-0974,郑州领航教育,,河南,郑州市,待核对,https://github.com/goodpsychologistclaw/nct-archive,source-2026-10-09
INST-1206,雅圣思二基地,,河南,,待核对,https://github.com/goodpsychologistclaw/nct-archive,source-2026-10-09
INST-1225,驻马店启德青少年特训学校,,河南,驻马店市,待核对,https://github.com/goodpsychologistclaw/nct-archive,source-2026-10-09
INST-1226,驻马店明德少年军校,,河南,驻马店市,待核对,https://github.com/goodpsychologistclaw/nct-archive,source-2026-10-09
INST-1227,驻马店正苗启德特训,,河南,驻马店市,待核对,https://github.com/goodpsychologistclaw/nct-archive,source-2026-10-09
INST-1228,驻马店知行教育学校,,河南,驻马店市,待核对,https://github.com/goodpsychologistclaw/nct-archive,source-2026-10-09
INST-1229,驻马店豫龙特训基地,,河南,驻马店市,待核对,https://github.com/goodpsychologistclaw/nct-archive,source-2026-10-09
INST-1230,驻马店阳光少年军校,,河南,驻马店市,待核对,https://github.com/goodpsychologistclaw/nct-archive,source-2026-10-09
INST-1231,驻马店领航教育,,河南,驻马店市,待核对,https://github.com/goodpsychologistclaw/nct-archive,source-2026-10-09
INST-1232,鹤壁启航青少年成长中心,,河南,鹤壁市,待核对,https://github.com/goodpsychologistclaw/nct-archive,source-2026-10-09
INST-1233,鹤壁思图励志分校,,河南,,待核对,https://github.com/goodpsychologistclaw/nct-archive,source-2026-10-09
INST-1234,鹤壁慧源心理矫正中心,,河南,鹤壁市,待核对,https://github.com/goodpsychologistclaw/nct-archive,source-2026-10-09
INST-1235,鹤壁新叶青少年成长学院,,河南,鹤壁市,待核对,https://github.com/goodpsychologistclaw/nct-archive,source-2026-10-09
INST-1236,鹤壁砺行特训基地,,河南,鹤壁市,待核对,https://github.com/goodpsychologistclaw/nct-archive,source-2026-10-09
INST-1237,鹤壁豫康心理矫正中心,,河南,鹤壁市,待核对,https://github.com/goodpsychologistclaw/nct-archive,source-2026-10-09
INST-1238,鹿邑县明德学校,,河南,周口市,待核对,https://github.com/goodpsychologistclaw/nct-archive,source-2026-10-09
INST-1242,黄河育英学校,,河南,,待核对,https://github.com/goodpsychologistclaw/nct-archive,source-2026-10-09
INST-0011,东方养正青少年管教学校,,湖北,荆州市,待核对,https://github.com/goodpsychologistclaw/nct-archive,source-2026-10-09
INST-0048,仙桃青少年素质拓展学校,,湖北,仙桃市,待核对,https://github.com/goodpsychologistclaw/nct-archive,source-2026-10-09
INST-0081,励心志学全封闭叛逆戒网瘾学校,,湖北,宜昌市,待核对,https://github.com/goodpsychologistclaw/nct-archive,source-2026-10-09
INST-0083,励心智管教厌学网瘾孩子基地,,湖北,孝感市,待核对,https://github.com/goodpsychologistclaw/nct-archive,source-2026-10-09
INST-0095,匠学青少年素质教育,,湖北,潜江市,待核对,https://github.com/FunctionSir/PanDefenseProject,source-2026-10-09
INST-0094,匠学青少年素质教育-湖北潜江,匠学青少年素质教育、湖北潜江匠学教育,湖北,潜江市,待核对,https://tieba.baidu.com/p/9107780287 | https://github.com/FunctionSir/PanDefenseProject,source-2026-10-09
INST-0096,十堰励志青少年特训系列机构,,湖北,十堰市,待核对,https://github.com/goodpsychologistclaw/nct-archive,source-2026-10-09
INST-0097,十堰正苗启德特训学校,,湖北,十堰市,待核对,https://github.com/goodpsychologistclaw/nct-archive,source-2026-10-09
INST-0098,十堰阳光心理成长学校,,湖北,十堰市,待核对,https://github.com/goodpsychologistclaw/nct-archive,source-2026-10-09
INST-0099,十堰青少年网络成瘾康复中心,,湖北,十堰市,待核对,https://github.com/goodpsychologistclaw/nct-archive,source-2026-10-09
INST-0139,启泰教育,,湖北,汉川市,待核对,https://github.com/FunctionSir/PanDefenseProject,source-2026-10-09
INST-0140,启泰特色教育学校,,湖北,汉川市,待核对,https://github.com/FunctionSir/PanDefenseProject,source-2026-10-09
INST-0142,启航教育,,湖北,,待核对,https://github.com/FunctionSir/PanDefenseProject,source-2026-10-09
INST-0152,咸宁子龙文武学校,,湖北,咸宁市,待核对,https://github.com/goodpsychologistclaw/nct-archive,source-2026-10-09
INST-0153,咸宁子龙文武学校,,湖北,咸宁市,待核对,https://github.com/FunctionSir/PanDefenseProject,source-2026-10-09
INST-0224,复其见心理教育,,湖北,襄阳市,待核对,https://github.com/goodpsychologistclaw/nct-archive,source-2026-10-09
INST-0229,天门网瘾戒治中心,,湖北,天门市,待核对,https://github.com/goodpsychologistclaw/nct-archive,source-2026-10-09
INST-0232,好少年心理疏导基地,,湖北,孝感市,待核对,https://github.com/goodpsychologistclaw/nct-archive,source-2026-10-09
INST-0238,孝感青少年素质特训中心,,湖北,孝感市,待核对,https://github.com/goodpsychologistclaw/nct-archive,source-2026-10-09
INST-0255,宜昌叛逆孩子特训学校,,湖北,宜昌市,待核对,https://github.com/goodpsychologistclaw/nct-archive,source-2026-10-09
INST-0358,德志锦辉少年戒网学校,,湖北,武汉市,待核对,https://github.com/goodpsychologistclaw/nct-archive,source-2026-10-09
INST-0390,恩施励志青少年素质教育基地,,湖北,,待核对,https://github.com/goodpsychologistclaw/nct-archive,source-2026-10-09
INST-0414,掇刀区心航戒网中心,,湖北,荆门市,待核对,https://github.com/goodpsychologistclaw/nct-archive,source-2026-10-09
INST-0480,榕泉树人青少年素质教育,,湖北,,待核对,https://github.com/goodpsychologistclaw/nct-archive,source-2026-10-09
INST-0482,正德叛逆孩子学校,正德青少年管教学校,湖北,汉川市,待核对,https://github.com/FunctionSir/PanDefenseProject,source-2026-10-09
INST-0483,正德青少年管教学校,,湖北,汉川市,待核对,https://github.com/FunctionSir/PanDefenseProject,source-2026-10-09
INST-0490,正苗启德青少年特训学校,,湖北,汉川市,待核对,https://github.com/goodpsychologistclaw/nct-archive,source-2026-10-09
INST-0491,正苗启德青少年特训学校,,湖北,孝感市,待核对,https://github.com/FunctionSir/PanDefenseProject,source-2026-10-09
INST-0492,武汉81天成长记青少年训练营,,湖北,武汉市,待核对,https://github.com/goodpsychologistclaw/nct-archive,source-2026-10-09
INST-0493,武汉华心赛科教育咨询有限公司,,湖北,武汉市,待核对,https://github.com/goodpsychologistclaw/nct-archive,source-2026-10-09
INST-0494,武汉华梁启航青少年拓展训练中心,,湖北,武汉市,待核对,https://github.com/goodpsychologistclaw/nct-archive,source-2026-10-09
INST-0495,武汉启航青少年成长学校,,湖北,武汉市,待核对,https://github.com/goodpsychologistclaw/nct-archive,source-2026-10-09
INST-0496,武汉宇凰青少年潜能中心,,湖北,武汉市,待核对,https://github.com/goodpsychologistclaw/nct-archive,source-2026-10-09
INST-0497,武汉正苗启德叛逆期管教学校,正苗启德青少年特训学校、湖北正苗启德青少年特训学校,湖北,孝感市,待核对,https://github.com/FunctionSir/PanDefenseProject,source-2026-10-09
INST-0498,武汉纽特心理（纽特教育）,,湖北,武汉市,待核对,https://github.com/goodpsychologistclaw/nct-archive,source-2026-10-09
INST-0499,武汉纽特青少年戒网瘾学校,纽特心理,湖北,,待核对,https://github.com/FunctionSir/PanDefenseProject,source-2026-10-09
INST-0500,武汉耀杰励志教育,,湖北,武汉市,待核对,https://github.com/goodpsychologistclaw/nct-archive,source-2026-10-09
INST-0501,武汉蓝天更蓝特训学校,,湖北,武汉市,待核对,https://github.com/goodpsychologistclaw/nct-archive,source-2026-10-09
INST-0502,武汉身修青少年特训学校,,湖北,武汉市,待核对,https://github.com/goodpsychologistclaw/nct-archive,source-2026-10-09
INST-0509,水沫榕泉教育重塑之星网瘾戒治学院,,湖北,十堰市,待核对,https://github.com/goodpsychologistclaw/nct-archive,source-2026-10-09
INST-0519,汉川励志青少年特训学校,,湖北,孝感市,待核对,https://github.com/goodpsychologistclaw/nct-archive,source-2026-10-09
INST-0520,汉川市启泰特色教育学校,启泰教育、启泰特色教育学校,湖北,汉川市,待核对,https://github.com/FunctionSir/PanDefenseProject,source-2026-10-09
INST-0534,沙洋县网瘾戒除学校,,湖北,荆门市,待核对,https://github.com/goodpsychologistclaw/nct-archive,source-2026-10-09
INST-0687,湖北向上希望青少年成长学校,,湖北,咸宁市,待核对,https://github.com/goodpsychologistclaw/nct-archive,source-2026-10-09
INST-0688,湖北启泰特色教育学校,,湖北,孝感市,待核对,https://github.com/goodpsychologistclaw/nct-archive,source-2026-10-09
INST-0690,湖北启航教育,,湖北,,待核对,https://github.com/FunctionSir/PanDefenseProject,source-2026-10-09
INST-0691,湖北启航青少年叛逆管教学校,,湖北,,待核对,https://github.com/FunctionSir/PanDefenseProject,source-2026-10-09
INST-0692,湖北启航青少年素质教育学校,湖北启航青少年叛逆管教学校、湖北启航教育、启航教育,湖北,,待核对,https://github.com/FunctionSir/PanDefenseProject,source-2026-10-09
INST-0693,湖北善德教育十堰分校,,湖北,十堰市,待核对,https://github.com/goodpsychologistclaw/nct-archive,source-2026-10-09
INST-0694,湖北善聆心理教育,,湖北,随州市,待核对,https://github.com/FunctionSir/PanDefenseProject,source-2026-10-09
INST-0697,湖北星灿青少年潜能成长基地,,湖北,武汉市,待核对,https://github.com/goodpsychologistclaw/nct-archive,source-2026-10-09
INST-0698,湖北正苗启德青少年特训学校,,湖北,武汉市,待核对,https://github.com/goodpsychologistclaw/nct-archive,source-2026-10-09
INST-0699,湖北正苗启德青少年特训学校,,湖北,孝感市,待核对,https://github.com/FunctionSir/PanDefenseProject,source-2026-10-09
INST-0700,湖北潜江匠学教育,,湖北,潜江市,待核对,https://github.com/FunctionSir/PanDefenseProject,source-2026-10-09
INST-0701,湖北省善聆素质教育学校,,湖北,随州市,待核对,https://github.com/goodpsychologistclaw/nct-archive,source-2026-10-09
INST-0702,湖北省明善教育咨询有限公司,,湖北,武汉市,待核对,https://github.com/goodpsychologistclaw/nct-archive,source-2026-10-09
INST-0760,潜江匠学教育,,湖北,潜江市,待核对,https://github.com/goodpsychologistclaw/nct-archive,source-2026-10-09
INST-0815,磁湖成长营地,,湖北,黄石市,待核对,https://github.com/goodpsychologistclaw/nct-archive,source-2026-10-09
INST-0820,纽特心理,,湖北,,待核对,https://github.com/FunctionSir/PanDefenseProject,source-2026-10-09
INST-0843,荆州叛逆青少年特训学校,,湖北,,待核对,https://github.com/goodpsychologistclaw/nct-archive,source-2026-10-09
INST-0844,荆门励志青少年特训学校,,湖北,荆门市,待核对,https://github.com/goodpsychologistclaw/nct-archive,source-2026-10-09
INST-0845,荆门希望青少年成长中心,,湖北,荆门市,待核对,https://github.com/goodpsychologistclaw/nct-archive,source-2026-10-09
INST-0846,荆门范达教育青少年成长中心,,湖北,荆门市,待核对,https://github.com/goodpsychologistclaw/nct-archive,source-2026-10-09
INST-0871,襄阳国学修身青少年特训学校,,湖北,襄阳市,待核对,https://github.com/goodpsychologistclaw/nct-archive,source-2026-10-09
INST-0918,赤壁市三国青少年成长学校,,湖北,咸宁市,待核对,https://github.com/goodpsychologistclaw/nct-archive,source-2026-10-09
INST-0919,赤壁市三国青少年成长学校,,湖北,咸宁市,待核对,https://github.com/FunctionSir/PanDefenseProject,source-2026-10-09
INST-0952,郑州思图励志教育学校,,湖北,随州市,待核对,https://github.com/FunctionSir/PanDefenseProject,source-2026-10-09
INST-0980,鄂州向洋青少年特训学校,,湖北,鄂州市,待核对,https://github.com/goodpsychologistclaw/nct-archive,source-2026-10-09
INST-0981,鄂州认知重构心理教育中心,,湖北,鄂州市,待核对,https://github.com/goodpsychologistclaw/nct-archive,source-2026-10-09
INST-1136,钟祥市青禾教育基地,,湖北,荆门市,待核对,https://github.com/goodpsychologistclaw/nct-archive,source-2026-10-09
INST-1203,随州叛逆孩子封闭管教学校,,湖北,随州市,待核对,https://github.com/goodpsychologistclaw/nct-archive,source-2026-10-09
INST-1204,随州青少年素质教育基地,,湖北,随州市,待核对,https://github.com/goodpsychologistclaw/nct-archive,source-2026-10-09
INST-1239,黄冈叛逆孩子特训学校,,湖北,黄冈市,待核对,https://github.com/goodpsychologistclaw/nct-archive,source-2026-10-09
INST-1240,黄冈素励教育学校,,湖北,黄冈市,待核对,https://github.com/FunctionSir/PanDefenseProject,source-2026-10-09
INST-1243,黄石正苗启德青少年特训学校,,湖北,黄石市,待核对,https://github.com/goodpsychologistclaw/nct-archive,source-2026-10-09
INST-0030,中山技术职业学校,,湖南,,待核对,https://github.com/goodpsychologistclaw/nct-archive,source-2026-10-09
INST-0044,临湘市文武职业学校,,湖南,岳阳市,待核对,https://github.com/FunctionSir/PanDefenseProject,source-2026-10-09
INST-0075,凤凰县文武学校,凤凰文武学校,湖南,,待核对,https://github.com/FunctionSir/PanDefenseProject,source-2026-10-09
INST-0078,凤凰文武学校,,湖南,,待核对,https://github.com/FunctionSir/PanDefenseProject,source-2026-10-09
INST-0170,嘉禾县文武专门学校,,湖南,郴州市,待核对,https://github.com/FunctionSir/PanDefenseProject,source-2026-10-09
INST-0234,娄底励志青少年特训学校,,湖南,娄底市,待核对,https://github.com/goodpsychologistclaw/nct-archive,source-2026-10-09
INST-0235,娄底善德教育基地,,湖南,娄底市,待核对,https://github.com/goodpsychologistclaw/nct-archive,source-2026-10-09
INST-0236,娄底正苗启德分校,,湖南,娄底市,待核对,https://github.com/goodpsychologistclaw/nct-archive,source-2026-10-09
INST-0258,少林文武教育,,湖南,娄底市,待核对,https://github.com/FunctionSir/PanDefenseProject,source-2026-10-09
INST-0270,山鹰特训教育学校,,湖南,,待核对,https://github.com/goodpsychologistclaw/nct-archive,source-2026-10-09
INST-0272,岳阳启志青少年成长学校,,湖南,岳阳市,待核对,https://github.com/goodpsychologistclaw/nct-archive,source-2026-10-09
INST-0274,岳阳市君山区善一培训学校有限公司,,湖南,岳阳市,待核对,https://github.com/FunctionSir/PanDefenseProject,source-2026-10-09
INST-0275,岳阳市春雷学校,湖南春雷青少年特训学校,湖南,岳阳市,待核对,https://github.com/FunctionSir/PanDefenseProject,source-2026-10-09
INST-0278,岳阳慧腾青少年成长学校,,湖南,岳阳市,待核对,https://github.com/goodpsychologistclaw/nct-archive,source-2026-10-09
INST-0279,岳阳正心青少年特训学校,,湖南,岳阳市,待核对,https://github.com/goodpsychologistclaw/nct-archive,source-2026-10-09
INST-0286,常德励志青少年特训学校,,湖南,常德市,待核对,https://github.com/goodpsychologistclaw/nct-archive,source-2026-10-09
INST-0287,常德善一学校,,湖南,常德市,待核对,https://github.com/goodpsychologistclaw/nct-archive,source-2026-10-09
INST-0288,常德市新安学校（公办）,,湖南,常德市,待核对,https://github.com/goodpsychologistclaw/nct-archive,source-2026-10-09
INST-0344,弦歌青少年素质教育培训学校,,湖南,,待核对,https://github.com/goodpsychologistclaw/nct-archive,source-2026-10-09
INST-0376,志和教育,,湖南,长沙市,待核对,https://github.com/FunctionSir/PanDefenseProject,source-2026-10-09
INST-0377,怀化云战素质教育基地,,湖南,怀化市,待核对,https://github.com/goodpsychologistclaw/nct-archive,source-2026-10-09
INST-0378,怀化叛逆封闭式特训学校,,湖南,,待核对,https://github.com/goodpsychologistclaw/nct-archive,source-2026-10-09
INST-0379,怀化启航励志封闭式学校,,湖南,怀化市,待核对,https://github.com/goodpsychologistclaw/nct-archive,source-2026-10-09
INST-0380,怀化德雅青少年学校,,湖南,怀化市,待核对,https://github.com/goodpsychologistclaw/nct-archive,source-2026-10-09
INST-0381,怀化战旗青少年成长基地,,湖南,怀化市,待核对,https://github.com/goodpsychologistclaw/nct-archive,source-2026-10-09
INST-0382,怀化明德文化特训学校,,湖南,怀化市,待核对,https://github.com/goodpsychologistclaw/nct-archive,source-2026-10-09
INST-0383,怀化正苗启德营地,,湖南,,待核对,https://github.com/goodpsychologistclaw/nct-archive,source-2026-10-09
INST-0384,怀化砺剑特训学校,,湖南,怀化市,待核对,https://github.com/goodpsychologistclaw/nct-archive,source-2026-10-09
INST-0385,怀化阳光少年军校,,湖南,怀化市,待核对,https://github.com/goodpsychologistclaw/nct-archive,source-2026-10-09
INST-0386,怀化青骄特训营,,湖南,怀化市,待核对,https://github.com/goodpsychologistclaw/nct-archive,source-2026-10-09
INST-0400,成才励志教育学校,,湖南,益阳市,待核对,https://www.zhihu.com/people/63-11-90-1 | https://github.com/FunctionSir/PanDefenseProject,source-2026-10-09
INST-0431,新启航青少年特训学校,,湖南,长沙市,待核对,https://github.com/goodpsychologistclaw/nct-archive,source-2026-10-09
INST-0446,春雷青少年特训学校,,湖南,,待核对,https://github.com/goodpsychologistclaw/nct-archive,source-2026-10-09
INST-0447,昭山素质教育,,湖南,湘潭市,待核对,https://web.archive.org/web/20231111060020/https://www.msn.com/en-au/news/other/inside-china-s-lgbtqia-re-education-camps-survivors-claim-shock-treatment-and-beatings/ar-AA18xfV9 | https://github.com/FunctionSir/PanDefenseProject,source-2026-10-09
INST-0455,杰龙教育集团,,湖南,长沙市,待核对,https://github.com/goodpsychologistclaw/nct-archive,source-2026-10-09
INST-0456,杰龙特训,,湖南,,待核对,https://github.com/FunctionSir/PanDefenseProject,source-2026-10-09
INST-0457,杰龙青少年特训学校,,湖南,,待核对,https://github.com/FunctionSir/PanDefenseProject,source-2026-10-09
INST-0464,株洲市青少年行为矫正培训中心,,湖南,株洲市,待核对,https://github.com/goodpsychologistclaw/nct-archive,source-2026-10-09
INST-0465,株洲心灵成长特训学校,,湖南,株洲市,待核对,https://github.com/goodpsychologistclaw/nct-archive,source-2026-10-09
INST-0466,株洲成长方舟教育基地,,湖南,株洲市,待核对,https://github.com/goodpsychologistclaw/nct-archive,source-2026-10-09
INST-0467,株洲战旗青少年军校,,湖南,株洲市,待核对,https://github.com/goodpsychologistclaw/nct-archive,source-2026-10-09
INST-0468,株洲明德特训学校,,湖南,株洲市,待核对,https://github.com/goodpsychologistclaw/nct-archive,source-2026-10-09
INST-0469,株洲砺剑素质教育基地,,湖南,株洲市,待核对,https://github.com/goodpsychologistclaw/nct-archive,source-2026-10-09
INST-0470,株洲铁血少年成长基地,,湖南,株洲市,待核对,https://github.com/goodpsychologistclaw/nct-archive,source-2026-10-09
INST-0471,株洲锋芒特训学校,,湖南,株洲市,待核对,https://github.com/goodpsychologistclaw/nct-archive,source-2026-10-09
INST-0472,株洲阳光青少年特训学校,,湖南,株洲市,待核对,https://github.com/goodpsychologistclaw/nct-archive,source-2026-10-09
INST-0486,正苗启德常德分校,,湖南,常德市,待核对,https://github.com/goodpsychologistclaw/nct-archive,source-2026-10-09
INST-0489,正苗启德湘西营地,,湖南,,待核对,https://github.com/goodpsychologistclaw/nct-archive,source-2026-10-09
INST-0503,武警湖南总队医院网瘾戒疗中心,,湖南,长沙市,待核对,https://github.com/goodpsychologistclaw/nct-archive,source-2026-10-09
INST-0510,永州励志封闭式学校,,湖南,永州市,待核对,https://github.com/goodpsychologistclaw/nct-archive,source-2026-10-09
INST-0512,永州市零陵区护航学校,,湖南,永州市,待核对,https://github.com/FunctionSir/PanDefenseProject,source-2026-10-09
INST-0513,永州市零陵县立德培训学校,,湖南,永州市,待核对,https://github.com/FunctionSir/PanDefenseProject,source-2026-10-09
INST-0514,永州战旗青少年成长基地,,湖南,永州市,待核对,https://github.com/goodpsychologistclaw/nct-archive,source-2026-10-09
INST-0515,永州明德励志学校,,湖南,永州市,待核对,https://github.com/goodpsychologistclaw/nct-archive,source-2026-10-09
INST-0516,永州春晖学校,,湖南,永州市,待核对,https://github.com/goodpsychologistclaw/nct-archive,source-2026-10-09
INST-0517,永州青少年封闭式特训学校,,湖南,永州市,待核对,https://github.com/goodpsychologistclaw/nct-archive,source-2026-10-09
INST-0518,永州青少年教育训练学校（公办）,,湖南,永州市,待核对,https://github.com/goodpsychologistclaw/nct-archive,source-2026-10-09
INST-0703,湖南全德青少年教育,,湖南,,待核对,https://github.com/FunctionSir/PanDefenseProject,source-2026-10-09
INST-0705,湖南励志成长基地,,湖南,长沙市,待核对,https://github.com/goodpsychologistclaw/nct-archive,source-2026-10-09
INST-0707,湖南南华学校,,湖南,永州市,待核对,https://github.com/FunctionSir/PanDefenseProject,source-2026-10-09
INST-0708,湖南娄底少管所特训学校,,湖南,娄底市,待核对,https://github.com/goodpsychologistclaw/nct-archive,source-2026-10-09
INST-0709,湖南性心理矫正中心（地下）,,湖南,长沙市,待核对,https://github.com/goodpsychologistclaw/nct-archive,source-2026-10-09
INST-0710,湖南明德素质教育咨询有限公司,,湖南,长沙市,待核对,https://github.com/goodpsychologistclaw/nct-archive,source-2026-10-09
INST-0711,湖南春雷青少年特训学校,,湖南,岳阳市,待核对,https://github.com/FunctionSir/PanDefenseProject,source-2026-10-09
INST-0713,湖南深度成长教育,,湖南,长沙市,待核对,https://github.com/goodpsychologistclaw/nct-archive,source-2026-10-09
INST-0714,湖南特训教育集团,,湖南,长沙市,待核对,https://github.com/FunctionSir/PanDefenseProject,source-2026-10-09
INST-0715,湖南特训集团,,湖南,长沙市,待核对,https://github.com/FunctionSir/PanDefenseProject,source-2026-10-09
INST-0717,湖南积极心理矫正基地,,湖南,郴州市,待核对,https://github.com/goodpsychologistclaw/nct-archive,source-2026-10-09
INST-0718,湖南青少年成长基地,,湖南,长沙市,待核对,https://github.com/goodpsychologistclaw/nct-archive,source-2026-10-09
INST-0719,湘学教育管理集团有限公司,,湖南,,待核对,https://github.com/goodpsychologistclaw/nct-archive,source-2026-10-09
INST-0720,湘潭励铮素质教育学校,,湖南,湘潭市,待核对,https://github.com/goodpsychologistclaw/nct-archive,source-2026-10-09
INST-0721,湘潭县青少年专门教育学校（公办）,,湖南,湘潭市,待核对,https://github.com/goodpsychologistclaw/nct-archive,source-2026-10-09
INST-0722,湘潭感化教育特训学校,,湖南,湘潭市,待核对,https://github.com/goodpsychologistclaw/nct-archive,source-2026-10-09
INST-0723,湘潭湘学教育学校,,湖南,湘潭市,待核对,https://github.com/goodpsychologistclaw/nct-archive,source-2026-10-09
INST-0724,湘潭逆反孩子封闭式特训学校,,湖南,湘潭市,待核对,https://github.com/goodpsychologistclaw/nct-archive,source-2026-10-09
INST-0725,湘潭青少年心理行为矫正学校,,湖南,湘潭市,待核对,https://github.com/goodpsychologistclaw/nct-archive,source-2026-10-09
INST-0726,湘西慧腾青少年成长学校（营地）,,湖南,,待核对,https://github.com/goodpsychologistclaw/nct-archive,source-2026-10-09
INST-0727,湘赣边青少年军校（株洲分校）,,湖南,株洲市,待核对,https://github.com/goodpsychologistclaw/nct-archive,source-2026-10-09
INST-0728,湘阴亲情辅导健身服务中心,,湖南,岳阳市,待核对,https://github.com/goodpsychologistclaw/nct-archive,source-2026-10-09
INST-0729,湘阴圣博青少年心理成长培训学校,,湖南,岳阳市,待核对,https://github.com/goodpsychologistclaw/nct-archive,source-2026-10-09
INST-0730,湘阴慧童健身服务中心,,湖南,岳阳市,待核对,https://github.com/goodpsychologistclaw/nct-archive,source-2026-10-09
INST-0731,湘阴湘学教育分校,,湖南,岳阳市,待核对,https://github.com/goodpsychologistclaw/nct-archive,source-2026-10-09
INST-0732,湘阴艺素体辅导服务中心,,湖南,,待核对,https://github.com/goodpsychologistclaw/nct-archive,source-2026-10-09
INST-0733,湘阴英高特励志教育学校,,湖南,,待核对,https://github.com/goodpsychologistclaw/nct-archive,source-2026-10-09
INST-0734,湘阴辅好孩素质教育,,湖南,,待核对,https://github.com/goodpsychologistclaw/nct-archive,source-2026-10-09
INST-0735,湘韵艺术培训,湖南特训教育集团、湖南特训集团、特训集团,湖南,长沙市,待核对,https://github.com/FunctionSir/PanDefenseProject,source-2026-10-09
INST-0782,特训集团,,湖南,长沙市,待核对,https://github.com/FunctionSir/PanDefenseProject,source-2026-10-09
INST-0783,猎鹰特训（湖南强志拓展马甲）,,湖南,长沙市,待核对,https://github.com/goodpsychologistclaw/nct-archive,source-2026-10-09
INST-0799,益阳不听话阳光基地,,湖南,益阳市,待核对,https://github.com/goodpsychologistclaw/nct-archive,source-2026-10-09
INST-0800,益阳博睿青少年成长中心,,湖南,益阳市,待核对,https://github.com/goodpsychologistclaw/nct-archive,source-2026-10-09
INST-0801,益阳启航未来特训学校,,湖南,益阳市,待核对,https://github.com/goodpsychologistclaw/nct-archive,source-2026-10-09
INST-0802,益阳善志特训学校,,湖南,益阳市,待核对,https://github.com/goodpsychologistclaw/nct-archive,source-2026-10-09
INST-0803,益阳市资阳青少年矫正学校,,湖南,益阳市,待核对,https://github.com/goodpsychologistclaw/nct-archive,source-2026-10-09
INST-0804,益阳市赫山区成才励志教育学校,,湖南,益阳市,待核对,https://github.com/goodpsychologistclaw/nct-archive,source-2026-10-09
INST-0805,益阳明德叛逆矫正基地,,湖南,益阳市,待核对,https://github.com/goodpsychologistclaw/nct-archive,source-2026-10-09
INST-0810,睿智教育专门学校,,湖南,长沙市,待核对,https://github.com/FunctionSir/PanDefenseProject,source-2026-10-09
INST-0835,至善教育,,湖南,长沙市,待核对,https://github.com/FunctionSir/PanDefenseProject,source-2026-10-09
INST-0839,英高特素质教育学校,,湖南,长沙市,待核对,https://web.archive.org/web/20231111060020/https://www.msn.com/en-au/news/other/inside-china-s-lgbtqia-re-education-camps-survivors-claim-shock-treatment-and-beatings/ar-AA18xfV9 | https://github.com/FunctionSir/PanDefenseProject,source-2026-10-09
INST-0859,衡东少林文武学校,,湖南,衡阳市,待核对,https://github.com/FunctionSir/PanDefenseProject,source-2026-10-09
INST-0861,衡阳传统文化扭转工作室,,湖南,衡阳市,待核对,https://github.com/goodpsychologistclaw/nct-archive,source-2026-10-09
INST-0862,衡阳励志封闭式特训学校,,湖南,衡阳市,待核对,https://github.com/goodpsychologistclaw/nct-archive,source-2026-10-09
INST-0863,衡阳善一特训学校,,湖南,衡阳市,待核对,https://github.com/goodpsychologistclaw/nct-archive,source-2026-10-09
INST-0864,衡阳国学励志特训学校,,湖南,衡阳市,待核对,https://github.com/goodpsychologistclaw/nct-archive,source-2026-10-09
INST-0865,衡阳封闭式逆反管教学校,,湖南,衡阳市,待核对,https://github.com/goodpsychologistclaw/nct-archive,source-2026-10-09
INST-0866,衡阳市未成年人行为矫正基地,,湖南,衡阳市,待核对,https://github.com/goodpsychologistclaw/nct-archive,source-2026-10-09
INST-0867,衡阳扭转心理工作室,,湖南,衡阳市,待核对,https://github.com/goodpsychologistclaw/nct-archive,source-2026-10-09
INST-0868,衡阳正德青少年教育学校,,湖南,衡阳市,待核对,https://github.com/goodpsychologistclaw/nct-archive,source-2026-10-09
INST-0869,衡阳正心青少年特训学校,,湖南,衡阳市,待核对,https://github.com/goodpsychologistclaw/nct-archive,source-2026-10-09
INST-0870,衡阳问题少年矫正基地,,湖南,衡阳市,待核对,https://github.com/goodpsychologistclaw/nct-archive,source-2026-10-09
INST-0889,贤德素质教育学校,,湖南,长沙市,待核对,https://web.archive.org/web/20231111060020/https://www.msn.com/en-au/news/other/inside-china-s-lgbtqia-re-education-camps-survivors-claim-shock-treatment-and-beatings/ar-AA18xfV9 | https://github.com/FunctionSir/PanDefenseProject,source-2026-10-09
INST-0915,资兴市德志未来素质教育培训学校有限公司,,湖南,郴州市,待核对,https://github.com/FunctionSir/PanDefenseProject,source-2026-10-09
INST-0920,辰星专门辅导学校,,湖南,郴州市,待核对,https://github.com/goodpsychologistclaw/nct-archive,source-2026-10-09
INST-0935,邵阳县青少年家庭教育机构,,湖南,邵阳市,待核对,https://github.com/goodpsychologistclaw/nct-archive,source-2026-10-09
INST-0936,邵阳叛逆孩子管教学校,,湖南,邵阳市,待核对,https://github.com/goodpsychologistclaw/nct-archive,source-2026-10-09
INST-0937,邵阳启航励志特训学校,,湖南,邵阳市,待核对,https://github.com/goodpsychologistclaw/nct-archive,source-2026-10-09
INST-0938,邵阳干典教育咨询有限公司,,湖南,邵阳市,待核对,https://github.com/goodpsychologistclaw/nct-archive,source-2026-10-09
INST-0939,邵阳明德励志特训学校,,湖南,邵阳市,待核对,https://github.com/goodpsychologistclaw/nct-archive,source-2026-10-09
INST-0975,郴州善志特训学校,,湖南,郴州市,待核对,https://github.com/goodpsychologistclaw/nct-archive,source-2026-10-09
INST-0976,郴州封闭式文武特训基地,,湖南,郴州市,待核对,https://github.com/goodpsychologistclaw/nct-archive,source-2026-10-09
INST-0977,郴州市德志未来学校,,湖南,郴州市,待核对,https://github.com/FunctionSir/PanDefenseProject,source-2026-10-09
INST-0978,郴州正心青少年特训学校,,湖南,郴州市,待核对,https://github.com/goodpsychologistclaw/nct-archive,source-2026-10-09
INST-0979,郴州资兴市德志未来素质教育培训学校,资兴市德志未来素质教育培训学校有限公司,湖南,郴州市,待核对,https://github.com/FunctionSir/PanDefenseProject,source-2026-10-09
INST-1152,长沙南华青少年特训基地,,湖南,长沙市,待核对,https://github.com/goodpsychologistclaw/nct-archive,source-2026-10-09
INST-1153,长沙南图青少年素质教育学校,,湖南,长沙市,待核对,https://github.com/goodpsychologistclaw/nct-archive,source-2026-10-09
INST-1154,长沙博雅全人教育学院,,湖南,长沙市,待核对,https://github.com/goodpsychologistclaw/nct-archive,source-2026-10-09
INST-1155,长沙县回龙文武学校,,湖南,长沙市,待核对,https://github.com/FunctionSir/PanDefenseProject,source-2026-10-09
INST-1156,长沙县杰龙青少年特训学校,杰龙特训、杰龙青少年特训学校,湖南,,待核对,https://github.com/FunctionSir/PanDefenseProject,source-2026-10-09
INST-1157,长沙启徳励志特训学校,,湖南,长沙市,待核对,https://github.com/FunctionSir/PanDefenseProject,source-2026-10-09
INST-1158,长沙启德励志教育学校,,湖南,长沙市,待核对,https://github.com/goodpsychologistclaw/nct-archive,source-2026-10-09
INST-1159,长沙启航未来训练学校,,湖南,长沙市,待核对,https://github.com/goodpsychologistclaw/nct-archive,source-2026-10-09
INST-1160,长沙善一特训学校,,湖南,长沙市,待核对,https://github.com/goodpsychologistclaw/nct-archive,source-2026-10-09
INST-1161,长沙善德教育咨询有限公司,,湖南,长沙市,待核对,https://github.com/goodpsychologistclaw/nct-archive,source-2026-10-09
INST-1162,长沙少管所特训学校,,湖南,长沙市,待核对,https://github.com/goodpsychologistclaw/nct-archive,source-2026-10-09
INST-1163,长沙市新城学校（公办）,,湖南,长沙市,待核对,https://github.com/goodpsychologistclaw/nct-archive,source-2026-10-09
INST-1164,长沙市雨花区快乐成长培训学校,,湖南,长沙市,待核对,https://github.com/FunctionSir/PanDefenseProject,source-2026-10-09
INST-1165,长沙心启迪行为矫正中心,,湖南,长沙市,待核对,https://github.com/goodpsychologistclaw/nct-archive,source-2026-10-09
INST-1166,长沙心定心理咨询中心,,湖南,长沙市,待核对,https://github.com/goodpsychologistclaw/nct-archive,source-2026-10-09
INST-1167,长沙心灵修复工作室,,湖南,长沙市,待核对,https://github.com/goodpsychologistclaw/nct-archive,source-2026-10-09
INST-1168,长沙心语家园心理咨询工作室,,湖南,长沙市,待核对,https://github.com/goodpsychologistclaw/nct-archive,source-2026-10-09
INST-1169,长沙旭阳教育,,湖南,,待核对,https://github.com/FunctionSir/PanDefenseProject,source-2026-10-09
INST-1170,长沙明德励志特训学校,,湖南,长沙市,待核对,https://github.com/goodpsychologistclaw/nct-archive,source-2026-10-09
INST-1171,长沙明德文化特训学校,,湖南,长沙市,待核对,https://github.com/goodpsychologistclaw/nct-archive,source-2026-10-09
INST-1172,长沙明德特训学校,,湖南,长沙市,待核对,https://github.com/goodpsychologistclaw/nct-archive,source-2026-10-09
INST-1173,长沙明志青少年矫正学校,,湖南,长沙市,待核对,https://github.com/goodpsychologistclaw/nct-archive,source-2026-10-09
INST-1174,长沙星火成长辅导中心,,湖南,长沙市,待核对,https://github.com/goodpsychologistclaw/nct-archive,source-2026-10-09
INST-1175,长沙智榜样教育咨询有限公司,,湖南,长沙市,待核对,https://github.com/goodpsychologistclaw/nct-archive,source-2026-10-09
INST-1176,长沙朝阳户外拓展学校,,湖南,长沙市,待核对,https://github.com/goodpsychologistclaw/nct-archive,source-2026-10-09
INST-1177,长沙朝阳自然教育学校,,湖南,长沙市,待核对,https://github.com/goodpsychologistclaw/nct-archive,source-2026-10-09
INST-1178,长沙正德青少年教育学校,,湖南,长沙市,待核对,https://github.com/goodpsychologistclaw/nct-archive,source-2026-10-09
INST-1179,长沙正心青少年特训学校,,湖南,长沙市,待核对,https://github.com/goodpsychologistclaw/nct-archive,source-2026-10-09
INST-1180,长沙正苗启德特训学校,,湖南,,待核对,https://github.com/goodpsychologistclaw/nct-archive,source-2026-10-09
INST-1181,长沙沐沐星心理咨询工作室,,湖南,长沙市,待核对,https://github.com/goodpsychologistclaw/nct-archive,source-2026-10-09
INST-1182,长沙泽邦青少年培训学校,,湖南,长沙市,待核对,https://github.com/FunctionSir/PanDefenseProject,source-2026-10-09
INST-1183,长沙泽邦青少年成长学校,,湖南,长沙市,待核对,https://github.com/goodpsychologistclaw/nct-archive,source-2026-10-09
INST-1184,长沙湘越中学,,湖南,长沙市,待核对,https://github.com/FunctionSir/PanDefenseProject,source-2026-10-09
INST-1185,长沙睿星艺术疗愈学校,,湖南,长沙市,待核对,https://github.com/goodpsychologistclaw/nct-archive,source-2026-10-09
INST-1186,长沙睿智成长特训营,,湖南,长沙市,待核对,https://github.com/goodpsychologistclaw/nct-archive,source-2026-10-09
INST-1187,长沙睿智教育学校,,湖南,长沙市,待核对,https://github.com/goodpsychologistclaw/nct-archive,source-2026-10-09
INST-1188,长沙知行合一家校共育中心,,湖南,长沙市,待核对,https://github.com/goodpsychologistclaw/nct-archive,source-2026-10-09
INST-1189,长沙知行实践教育学校,,湖南,长沙市,待核对,https://github.com/goodpsychologistclaw/nct-archive,source-2026-10-09
INST-1190,长沙知行教育特训营,,湖南,长沙市,待核对,https://github.com/goodpsychologistclaw/nct-archive,source-2026-10-09
INST-1191,长沙砺剑青少年训练营,,湖南,长沙市,待核对,https://github.com/goodpsychologistclaw/nct-archive,source-2026-10-09
INST-1192,长沙砺锋特训学校,,湖南,长沙市,待核对,https://github.com/goodpsychologistclaw/nct-archive,source-2026-10-09
INST-1193,长沙英高特励志教育学校,,湖南,长沙市,待核对,https://github.com/goodpsychologistclaw/nct-archive,source-2026-10-09
INST-1194,长沙蓝天矫正学校,,湖南,长沙市,待核对,https://github.com/goodpsychologistclaw/nct-archive,source-2026-10-09
INST-1195,长沙阳光青少年特训营,,湖南,长沙市,待核对,https://github.com/goodpsychologistclaw/nct-archive,source-2026-10-09
INST-1196,长沙雷鹰叛逆孩子矫正学校,,湖南,长沙市,待核对,https://github.com/goodpsychologistclaw/nct-archive,source-2026-10-09
INST-0012,东美实验叛逆矫正学校,,广东,揭阳市,待核对,https://github.com/FunctionSir/PanDefenseProject,source-2026-10-09
INST-0013,东莞军博营地国防教育基地,,广东,,待核对,https://github.com/goodpsychologistclaw/nct-archive,source-2026-10-09
INST-0014,东莞华彩少年强青禾成长营地,,广东,,待核对,https://github.com/goodpsychologistclaw/nct-archive,source-2026-10-09
INST-0015,东莞市华力教育咨询有限公司,,广东,东莞市,待核对,https://github.com/FunctionSir/PanDefenseProject,source-2026-10-09
INST-0016,东莞睿智青春期心理干预学校,,广东,,待核对,https://github.com/goodpsychologistclaw/nct-archive,source-2026-10-09
INST-0017,东莞砥砺行网瘾戒断特训营,,广东,,待核对,https://github.com/goodpsychologistclaw/nct-archive,source-2026-10-09
INST-0018,东莞诚心青少年矫正学校,,广东,,待核对,https://github.com/goodpsychologistclaw/nct-archive,source-2026-10-09
INST-0027,中山启新叛逆矫正学校,,广东,,待核对,https://github.com/goodpsychologistclaw/nct-archive,source-2026-10-09
INST-0028,中山启航成长教育学校,,广东,,待核对,https://github.com/goodpsychologistclaw/nct-archive,source-2026-10-09
INST-0029,中山思图军事化管教学校,,广东,,待核对,https://github.com/goodpsychologistclaw/nct-archive,source-2026-10-09
INST-0031,中山文武封闭式管教基地,,广东,,待核对,https://github.com/goodpsychologistclaw/nct-archive,source-2026-10-09
INST-0032,中山砺剑青少年教育基地,,广东,,待核对,https://github.com/goodpsychologistclaw/nct-archive,source-2026-10-09
INST-0045,云浮励志学校,,广东,,待核对,https://github.com/goodpsychologistclaw/nct-archive,source-2026-10-09
INST-0046,云浮阳光励志教育,,广东,,待核对,https://github.com/goodpsychologistclaw/nct-archive,source-2026-10-09
INST-0049,佛山励志阳光青少年成长中心,,广东,,待核对,https://github.com/goodpsychologistclaw/nct-archive,source-2026-10-09
INST-0050,佛山猛虎青少年特训营,,广东,,待核对,https://github.com/goodpsychologistclaw/nct-archive,source-2026-10-09
INST-0051,佛山纽特心理教育,,广东,,待核对,https://github.com/goodpsychologistclaw/nct-archive,source-2026-10-09
INST-0052,佛山翱翔青少年素质教育基地,,广东,,待核对,https://github.com/goodpsychologistclaw/nct-archive,source-2026-10-09
INST-0053,佛山诚心青少年矫正学校,,广东,,待核对,https://github.com/goodpsychologistclaw/nct-archive,source-2026-10-09
INST-0100,华力教育,华力青少年素质教育、东莞市华力教育咨询有限公司,广东,东莞市,待核对,https://github.com/FunctionSir/PanDefenseProject,source-2026-10-09
INST-0101,华力青少年素质教育,,广东,东莞市,待核对,https://github.com/FunctionSir/PanDefenseProject,source-2026-10-09
INST-0129,博恩教育,,广东,惠州市,待核对,https://github.com/FunctionSir/PanDefenseProject,source-2026-10-09
INST-0130,博恩青少年教育基地,惠州博恩青少年教育成长基地、惠州伯乐青少年教育成长基地、博恩教育、惠州市博恩心理咨询服务有限公司,广东,惠州市,待核对,https://github.com/FunctionSir/PanDefenseProject,source-2026-10-09
INST-0136,启德教育青少年成长基地,,广东,,待核对,https://github.com/goodpsychologistclaw/nct-archive,source-2026-10-09
INST-0296,广东正苗启德青少年特训学校,,广东,,待核对,https://github.com/goodpsychologistclaw/nct-archive,source-2026-10-09
INST-0298,广东玉蓝教育,揭阳市玉蓝专门教育、玉蓝教育基地,广东,揭阳市,待核对,https://github.com/FunctionSir/PanDefenseProject,source-2026-10-09
INST-0299,广东省茂名市春雨学校,,广东,茂名市,待核对,https://github.com/goodpsychologistclaw/nct-archive,source-2026-10-09
INST-0300,广东阳江兴华励志学校,,广东,阳江市,待核对,https://github.com/FunctionSir/PanDefenseProject,source-2026-10-09
INST-0301,广东青春守护者特训中心,,广东,,待核对,https://github.com/goodpsychologistclaw/nct-archive,source-2026-10-09
INST-0302,广东领航者教育肇庆基地,,广东,,待核对,https://github.com/goodpsychologistclaw/nct-archive,source-2026-10-09
INST-0303,广东麦田学校,,广东,,待核对,https://github.com/goodpsychologistclaw/nct-archive,source-2026-10-09
INST-0305,广州励德青少年素质教育基地,,广东,,待核对,https://github.com/goodpsychologistclaw/nct-archive,source-2026-10-09
INST-0306,广州新启航拓展训练营,,广东,,待核对,https://github.com/goodpsychologistclaw/nct-archive,source-2026-10-09
INST-0307,广州树同心理咨询有限公司,,广东,,待核对,https://github.com/goodpsychologistclaw/nct-archive,source-2026-10-09
INST-0308,广州正苗启德青少年特训学校,,广东,,待核对,https://github.com/goodpsychologistclaw/nct-archive,source-2026-10-09
INST-0310,广州阳光励志教育,,广东,,待核对,https://github.com/goodpsychologistclaw/nct-archive,source-2026-10-09
INST-0391,惠州伯乐青少年教育成长基地,,广东,惠州市,待核对,https://github.com/FunctionSir/PanDefenseProject,source-2026-10-09
INST-0392,惠州伯恩青少年教育成长基地,,广东,惠州市,待核对,https://github.com/FunctionSir/PanDefenseProject,source-2026-10-09
INST-0393,惠州华心青少年成长学院,,广东,,待核对,https://github.com/goodpsychologistclaw/nct-archive,source-2026-10-09
INST-0394,惠州博恩青少年教育成长基地,,广东,惠州市,待核对,https://github.com/FunctionSir/PanDefenseProject,source-2026-10-09
INST-0395,惠州市博恩心理咨询服务有限公司,,广东,惠州市,待核对,https://github.com/FunctionSir/PanDefenseProject,source-2026-10-09
INST-0396,惠州正德心理学校,,广东,,待核对,https://github.com/goodpsychologistclaw/nct-archive,source-2026-10-09
INST-0415,揭阳东美实验专门教育矫正学校,东美实验叛逆矫正学校,广东,揭阳市,待核对,https://www.bilibili.com/video/BV1kcsce4E5c/ | https://github.com/FunctionSir/PanDefenseProject,source-2026-10-09
INST-0417,揭阳市天天向上教育学校,,广东,,待核对,https://github.com/goodpsychologistclaw/nct-archive,source-2026-10-09
INST-0418,揭阳市玉蓝专门教育,,广东,揭阳市,待核对,https://github.com/FunctionSir/PanDefenseProject,source-2026-10-09
INST-0419,揭阳春雷青少年成长中心,,广东,,待核对,https://github.com/goodpsychologistclaw/nct-archive,source-2026-10-09
INST-0420,揭阳普宁新阳光教育基地,,广东,,待核对,https://github.com/goodpsychologistclaw/nct-archive,source-2026-10-09
INST-0481,榕湾学苑,,广东,,待核对,https://github.com/goodpsychologistclaw/nct-archive,source-2026-10-09
INST-0521,汕头励志学校,,广东,,待核对,https://github.com/goodpsychologistclaw/nct-archive,source-2026-10-09
INST-0522,汕头司徒励志特训学校,,广东,,待核对,https://github.com/goodpsychologistclaw/nct-archive,source-2026-10-09
INST-0523,汕头启航素质教育学校,,广东,,待核对,https://github.com/goodpsychologistclaw/nct-archive,source-2026-10-09
INST-0530,江门启航成长教育基地,,广东,,待核对,https://github.com/goodpsychologistclaw/nct-archive,source-2026-10-09
INST-0531,江门阳光励志学校,,广东,,待核对,https://github.com/goodpsychologistclaw/nct-archive,source-2026-10-09
INST-0591,河源励志学校,,广东,,待核对,https://github.com/goodpsychologistclaw/nct-archive,source-2026-10-09
INST-0592,河源启航学校,,广东,,待核对,https://github.com/goodpsychologistclaw/nct-archive,source-2026-10-09
INST-0593,河源弘毅素质教育创新研究基地,,广东,河源市,待核对,https://github.com/FunctionSir/PanDefenseProject,source-2026-10-09
INST-0678,深圳向日葵青少年励志教育基地,,广东,,待核对,https://github.com/goodpsychologistclaw/nct-archive,source-2026-10-09
INST-0679,深圳心德叛逆行为矫正中心,,广东,,待核对,https://github.com/goodpsychologistclaw/nct-archive,source-2026-10-09
INST-0680,深圳攀高心理矫正中心,,广东,,待核对,https://github.com/goodpsychologistclaw/nct-archive,source-2026-10-09
INST-0681,深圳树青苗行为重塑学校,,广东,,待核对,https://github.com/goodpsychologistclaw/nct-archive,source-2026-10-09
INST-0682,深圳纽特成长学院,,广东,,待核对,https://github.com/goodpsychologistclaw/nct-archive,source-2026-10-09
INST-0683,深圳逐梦青少年蜕变学校,,广东,,待核对,https://github.com/goodpsychologistclaw/nct-archive,source-2026-10-09
INST-0686,清远阳光励志学校,,广东,,待核对,https://github.com/goodpsychologistclaw/nct-archive,source-2026-10-09
INST-0737,湛江励志学校,,广东,,待核对,https://github.com/goodpsychologistclaw/nct-archive,source-2026-10-09
INST-0738,湛江叛逆封闭式特训基地,,广东,,待核对,https://github.com/goodpsychologistclaw/nct-archive,source-2026-10-09
INST-0739,湛江启航学校,,广东,,待核对,https://github.com/goodpsychologistclaw/nct-archive,source-2026-10-09
INST-0761,潮州励志学校,,广东,,待核对,https://github.com/goodpsychologistclaw/nct-archive,source-2026-10-09
INST-0762,潮州蛟龙青少年特训营,,广东,,待核对,https://github.com/goodpsychologistclaw/nct-archive,source-2026-10-09
INST-0788,玉蓝教育基地,,广东,揭阳市,待核对,https://github.com/FunctionSir/PanDefenseProject,source-2026-10-09
INST-0789,珠海博维特网络成瘾矫正学校,,广东,,待核对,https://github.com/goodpsychologistclaw/nct-archive,source-2026-10-09
INST-0790,珠海叛逆青少年矫正中心,,广东,,待核对,https://github.com/goodpsychologistclaw/nct-archive,source-2026-10-09
INST-0791,珠海阳光励志教育,,广东,,待核对,https://github.com/goodpsychologistclaw/nct-archive,source-2026-10-09
INST-0792,珠海领航素质教育学校,,广东,,待核对,https://github.com/goodpsychologistclaw/nct-archive,source-2026-10-09
INST-0818,粤来粤好教育（战龙集团）特训基地,,广东,,待核对,https://github.com/goodpsychologistclaw/nct-archive,source-2026-10-09
INST-0833,肇庆叛逆孩子封闭管教学校,,广东,,待核对,https://github.com/goodpsychologistclaw/nct-archive,source-2026-10-09
INST-0834,肇庆正德教育基地,,广东,,待核对,https://github.com/goodpsychologistclaw/nct-archive,source-2026-10-09
INST-0840,茂名叛逆青少年成长中心,,广东,,待核对,https://github.com/goodpsychologistclaw/nct-archive,source-2026-10-09
INST-0841,茂名阳光励志教育,,广东,,待核对,https://github.com/goodpsychologistclaw/nct-archive,source-2026-10-09
INST-0842,茂名青少年阳光励志管教基地,,广东,,待核对,https://github.com/goodpsychologistclaw/nct-archive,source-2026-10-09
INST-1199,阳江励志学校,,广东,,待核对,https://github.com/goodpsychologistclaw/nct-archive,source-2026-10-09
INST-1200,阳江叛逆青少年教育中心,,广东,,待核对,https://github.com/goodpsychologistclaw/nct-archive,source-2026-10-09
INST-1224,韶关封闭式逆反管教学校,,广东,,待核对,https://github.com/goodpsychologistclaw/nct-archive,source-2026-10-09
INST-0072,兴华励志学校,,广西,,待核对,https://github.com/goodpsychologistclaw/nct-archive,source-2026-10-09
INST-0073,兴华励志教育咨询中心,,广西,,待核对,https://github.com/goodpsychologistclaw/nct-archive,source-2026-10-09
INST-0074,兴华成长基地,,广西,,待核对,https://github.com/goodpsychologistclaw/nct-archive,source-2026-10-09
INST-0079,凯越励志教育,,广西,,待核对,https://tieba.baidu.com/p/7804910705 | https://github.com/FunctionSir/PanDefenseProject,source-2026-10-09
INST-0082,励心智教育,,广西,南宁市,待核对,https://github.com/goodpsychologistclaw/nct-archive,source-2026-10-09
INST-0091,北海励志阳光青少年成长中心,,广西,北海市,待核对,https://github.com/goodpsychologistclaw/nct-archive,source-2026-10-09
INST-0092,北海启智青少年教育,,广西,北海市,待核对,https://github.com/goodpsychologistclaw/nct-archive,source-2026-10-09
INST-0093,北海市愉达复教育咨询有限公司,,广西,北海市,待核对,https://github.com/FunctionSir/PanDefenseProject,source-2026-10-09
INST-0105,南宁启文励志教育,,广西,南宁市,待核对,https://github.com/goodpsychologistclaw/nct-archive,source-2026-10-09
INST-0106,南宁启明星教育,,广西,南宁市,待核对,https://github.com/goodpsychologistclaw/nct-archive,source-2026-10-09
INST-0107,南宁市阳光青少年教育学校,,广西,南宁市,待核对,https://github.com/goodpsychologistclaw/nct-archive,source-2026-10-09
INST-0108,南宁市隆安用谦经典学校,,广西,南宁市,待核对,https://github.com/goodpsychologistclaw/nct-archive,source-2026-10-09
INST-0109,南宁悟道教育,,广西,南宁市,待核对,https://github.com/goodpsychologistclaw/nct-archive,source-2026-10-09
INST-0110,南宁明德教育,,广西,南宁市,待核对,https://github.com/goodpsychologistclaw/nct-archive,source-2026-10-09
INST-0111,南宁知行教育,,广西,南宁市,待核对,https://github.com/goodpsychologistclaw/nct-archive,source-2026-10-09
INST-0112,南宁群博励志学校,,广西,,待核对,https://github.com/goodpsychologistclaw/nct-archive,source-2026-10-09
INST-0113,南宁育德励志教育,,广西,南宁市,待核对,https://github.com/goodpsychologistclaw/nct-archive,source-2026-10-09
INST-0114,南宁起航拯救训练营,,广西,,待核对,https://github.com/goodpsychologistclaw/nct-archive,source-2026-10-09
INST-0230,天阔·向荣励志教育,,广西,南宁市,待核对,https://github.com/FunctionSir/PanDefenseProject,source-2026-10-09
INST-0271,岭南特训营,,广西,南宁市,待核对,https://github.com/goodpsychologistclaw/nct-archive,source-2026-10-09
INST-0280,崇左全封闭特训学校,,广西,崇左市,待核对,https://github.com/goodpsychologistclaw/nct-archive,source-2026-10-09
INST-0281,崇左叛逆青少年成长中心,,广西,,待核对,https://github.com/goodpsychologistclaw/nct-archive,source-2026-10-09
INST-0282,崇左市至善青少年特训学校,,广西,崇左市,待核对,https://github.com/goodpsychologistclaw/nct-archive,source-2026-10-09
INST-0283,崇左阳光叛逆特训学校,,广西,崇左市,待核对,https://github.com/goodpsychologistclaw/nct-archive,source-2026-10-09
INST-0311,广西兴华成长基地南宁校区,,广西,南宁市,待核对,https://github.com/goodpsychologistclaw/nct-archive,source-2026-10-09
INST-0312,广西兴华成长基地贵港校区,,广西,贵港市,待核对,https://github.com/goodpsychologistclaw/nct-archive,source-2026-10-09
INST-0313,广西南宁兴华教育咨询中心（兴华励志教育）,,广西,南宁市,待核对,https://github.com/FunctionSir/PanDefenseProject,source-2026-10-09
INST-0314,广西天阔朝阳励志教育,,广西,南宁市,待核对,https://github.com/goodpsychologistclaw/nct-archive,source-2026-10-09
INST-0315,广西弘志青少年素质特训基地,,广西,南宁市,待核对,https://github.com/goodpsychologistclaw/nct-archive,source-2026-10-09
INST-0316,广西德馨励志教育,,广西,南宁市,待核对,https://github.com/goodpsychologistclaw/nct-archive,source-2026-10-09
INST-0317,广西德馨励志教育,,广西,南宁市,待核对,https://github.com/goodpsychologistclaw/nct-archive,source-2026-10-09
INST-0318,广西德馨励志教育,,广西,南宁市,待核对,https://github.com/FunctionSir/PanDefenseProject,source-2026-10-09
INST-0319,广西德馨励志教育|| 德馨励志教育,广西德馨励志教育文化传播有限公司,广西,南宁市,待核对,https://github.com/FunctionSir/PanDefenseProject,source-2026-10-09
INST-0320,广西德馨励志教育文化传播有限公司,,广西,南宁市,待核对,https://github.com/FunctionSir/PanDefenseProject,source-2026-10-09
INST-0321,广西新定义教育,,广西,北流市,待核对,https://github.com/FunctionSir/PanDefenseProject,source-2026-10-09
INST-0323,广西灵山华益学校,,广西,钦州市,待核对,https://github.com/FunctionSir/PanDefenseProject,source-2026-10-09
INST-0324,广西狼牙特训教育管理集团,,广西,桂林市,待核对,https://github.com/goodpsychologistclaw/nct-archive,source-2026-10-09
INST-0326,广西皓翔励志教育,,广西,,待核对,https://github.com/goodpsychologistclaw/nct-archive,source-2026-10-09
INST-0327,广西皓翔励志教育,,广西,南宁市,待核对,https://github.com/goodpsychologistclaw/nct-archive,source-2026-10-09
INST-0328,广西至善励志教育,,广西,南宁市,待核对,https://github.com/goodpsychologistclaw/nct-archive,source-2026-10-09
INST-0329,广西阳光青少年成长中心,,广西,南宁市,待核对,https://github.com/goodpsychologistclaw/nct-archive,source-2026-10-09
INST-0330,广西雷鹰特训营,,广西,南宁市,待核对,https://github.com/goodpsychologistclaw/nct-archive,source-2026-10-09
INST-0331,广西青少年行为矫正学校,,广西,南宁市,待核对,https://github.com/goodpsychologistclaw/nct-archive,source-2026-10-09
INST-0360,德志锦辉青少年素质教育中心,,广西,贵港市,待核对,https://github.com/goodpsychologistclaw/nct-archive,source-2026-10-09
INST-0369,德馨励志教育,,广西,南宁市,待核对,https://github.com/FunctionSir/PanDefenseProject,source-2026-10-09
INST-0397,愉达复青少年成长教育支持机构,,广西,北海市,待核对,https://github.com/goodpsychologistclaw/nct-archive,source-2026-10-09
INST-0433,新师大青少儿特训营,,广西,贵港市,待核对,https://github.com/goodpsychologistclaw/nct-archive,source-2026-10-09
INST-0452,来宾叛逆孩子特训学校,,广西,来宾市,待核对,https://github.com/goodpsychologistclaw/nct-archive,source-2026-10-09
INST-0453,来宾阳光励志学校,,广西,来宾市,待核对,https://github.com/goodpsychologistclaw/nct-archive,source-2026-10-09
INST-0462,柳州砺剑军事训练营,,广西,柳州市,待核对,https://github.com/goodpsychologistclaw/nct-archive,source-2026-10-09
INST-0463,柳州育英特训学校,,广西,柳州市,待核对,https://github.com/goodpsychologistclaw/nct-archive,source-2026-10-09
INST-0473,桂林叛逆少年管教学校,,广西,桂林市,待核对,https://github.com/goodpsychologistclaw/nct-archive,source-2026-10-09
INST-0475,桂林青少年网络行为健康教育中心,,广西,桂林市,待核对,https://github.com/goodpsychologistclaw/nct-archive,source-2026-10-09
INST-0476,梧州叛逆青少年阳光学校,,广西,梧州市,待核对,https://github.com/goodpsychologistclaw/nct-archive,source-2026-10-09
INST-0477,梧州欣阳素质教育学校,,广西,梧州市,待核对,https://github.com/goodpsychologistclaw/nct-archive,source-2026-10-09
INST-0478,梧州育新励志教育,,广西,梧州市,待核对,https://github.com/goodpsychologistclaw/nct-archive,source-2026-10-09
INST-0589,河池阳光励志教育,,广西,河池市,待核对,https://github.com/goodpsychologistclaw/nct-archive,source-2026-10-09
INST-0590,河池青少年叛逆厌学网瘾成长教育中心,,广西,河池市,待核对,https://github.com/goodpsychologistclaw/nct-archive,source-2026-10-09
INST-0784,玉林东方励志学校,,广西,玉林市,待核对,https://github.com/goodpsychologistclaw/nct-archive,source-2026-10-09
INST-0785,玉林启智青少年教育中心,,广西,玉林市,待核对,https://github.com/goodpsychologistclaw/nct-archive,source-2026-10-09
INST-0786,玉林育英励志教育,,广西,玉林市,待核对,https://github.com/goodpsychologistclaw/nct-archive,source-2026-10-09
INST-0787,玉林阳光叛逆特训学校,,广西,玉林市,待核对,https://github.com/goodpsychologistclaw/nct-archive,source-2026-10-09
INST-0796,百色叛逆孩子封闭管教学校,,广西,百色市,待核对,https://github.com/goodpsychologistclaw/nct-archive,source-2026-10-09
INST-0797,百色叛逆青少年教育中心,,广西,百色市,待核对,https://github.com/goodpsychologistclaw/nct-archive,source-2026-10-09
INST-0798,百色阳光励志学校,,广西,百色市,待核对,https://github.com/goodpsychologistclaw/nct-archive,source-2026-10-09
INST-0822,纽特教育桂林分校,,广西,桂林市,待核对,https://github.com/goodpsychologistclaw/nct-archive,source-2026-10-09
INST-0824,绿鹰特训营,,广西,南宁市,待核对,https://github.com/goodpsychologistclaw/nct-archive,source-2026-10-09
INST-0908,贵港阳光励志学校,,广西,贵港市,待核对,https://github.com/goodpsychologistclaw/nct-archive,source-2026-10-09
INST-0913,贺州利剑学校,,广西,贺州市,待核对,https://github.com/goodpsychologistclaw/nct-archive,source-2026-10-09
INST-0914,贺州少年军事化矫正教育学校,,广西,,待核对,https://github.com/goodpsychologistclaw/nct-archive,source-2026-10-09
INST-1137,钦州德谦素质教育基地,,广西,钦州市,待核对,https://github.com/goodpsychologistclaw/nct-archive,source-2026-10-09
INST-1138,钦州阳光励志教育,,广西,钦州市,待核对,https://github.com/goodpsychologistclaw/nct-archive,source-2026-10-09
INST-1139,钦州领航特训基地,,广西,钦州市,待核对,https://github.com/goodpsychologistclaw/nct-archive,source-2026-10-09
INST-0666,海南快乐成长学校,,海南,海口市,待核对,https://github.com/FunctionSir/PanDefenseProject,source-2026-10-09
INST-1210,青少年素质教育基地(北辰学院),,海南,,待核对,https://github.com/FunctionSir/PanDefenseProject,source-2026-10-09
INST-0430,新启点素质教育,,重庆,重庆,待核对,https://github.com/goodpsychologistclaw/nct-archive,source-2026-10-09
INST-0487,正苗启德教育,,重庆,重庆,待核对,https://github.com/goodpsychologistclaw/nct-archive,source-2026-10-09
INST-0685,清直素质教育,,重庆,重庆,待核对,https://github.com/FunctionSir/PanDefenseProject,source-2026-10-09
INST-0795,白领尔教育,,重庆,重庆,待核对,https://github.com/FunctionSir/PanDefenseProject,source-2026-10-09
INST-0808,直利青少年素质教育,,重庆,重庆,待核对,https://github.com/goodpsychologistclaw/nct-archive,source-2026-10-09
INST-0826,耀昂青少年素质教育,,重庆,重庆,待核对,https://github.com/FunctionSir/PanDefenseProject,source-2026-10-09
INST-0929,途领跑素质教育,重庆途领跑拓展训练有限公司,重庆,重庆,待核对,https://github.com/FunctionSir/PanDefenseProject,source-2026-10-09
INST-0982,重庆两江新区励志特训,,重庆,重庆,待核对,https://github.com/goodpsychologistclaw/nct-archive,source-2026-10-09
INST-0983,重庆云阳励志教育,,重庆,重庆,待核对,https://github.com/goodpsychologistclaw/nct-archive,source-2026-10-09
INST-0984,重庆众德励志青少年素质教育学校,,重庆,重庆,待核对,https://github.com/goodpsychologistclaw/nct-archive,source-2026-10-09
INST-0985,重庆先锋青少年特训学校,,重庆,重庆,待核对,https://github.com/goodpsychologistclaw/nct-archive,source-2026-10-09
INST-0986,重庆兴华励志,,重庆,重庆,待核对,https://github.com/goodpsychologistclaw/nct-archive,source-2026-10-09
INST-0987,重庆励心智教育,,重庆,重庆,待核对,https://github.com/goodpsychologistclaw/nct-archive,source-2026-10-09
INST-0988,重庆励志少年军校,,重庆,重庆,待核对,https://github.com/goodpsychologistclaw/nct-archive,source-2026-10-09
INST-0989,重庆励志成长教育,,重庆,重庆,待核对,https://github.com/goodpsychologistclaw/nct-archive,source-2026-10-09
INST-0990,重庆励志素质教育学校,,重庆,重庆,待核对,https://github.com/goodpsychologistclaw/nct-archive,source-2026-10-09
INST-0991,重庆励萱教育,,重庆,重庆,待核对,https://github.com/goodpsychologistclaw/nct-archive,source-2026-10-09
INST-0992,重庆励铮素质教育,,重庆,重庆,待核对,https://github.com/goodpsychologistclaw/nct-archive,source-2026-10-09
INST-0993,重庆励铮素质教育,,重庆,重庆,待核对,https://github.com/goodpsychologistclaw/nct-archive,source-2026-10-09
INST-0994,重庆励铮素质教育,,重庆,重庆,待核对,https://github.com/goodpsychologistclaw/nct-archive,source-2026-10-09
INST-0996,重庆华星素质教育学校,,重庆,重庆,待核对,https://github.com/goodpsychologistclaw/nct-archive,source-2026-10-09
INST-0997,重庆华璨教育青少年特训学校,,重庆,重庆,待核对,https://github.com/goodpsychologistclaw/nct-archive,source-2026-10-09
INST-0998,重庆华绣戒网瘾学校,,重庆,重庆,待核对,https://github.com/goodpsychologistclaw/nct-archive,source-2026-10-09
INST-1001,重庆博睿青少年素质教育中心,,重庆,重庆,待核对,https://github.com/goodpsychologistclaw/nct-archive,source-2026-10-09
INST-1002,重庆博迩雅心理行为教育中心,,重庆,重庆,待核对,https://github.com/goodpsychologistclaw/nct-archive,source-2026-10-09
INST-1003,重庆博迩雅素质教育中心,,重庆,重庆,待核对,https://github.com/goodpsychologistclaw/nct-archive,source-2026-10-09
INST-1004,重庆博雅心理行为转化中心,,重庆,重庆,待核对,https://github.com/goodpsychologistclaw/nct-archive,source-2026-10-09
INST-1005,重庆厚德育人,,重庆,重庆,待核对,https://github.com/goodpsychologistclaw/nct-archive,source-2026-10-09
INST-1006,重庆叛逆孩子学校,,重庆,重庆,待核对,https://github.com/FunctionSir/PanDefenseProject,source-2026-10-09
INST-1007,重庆叛逆文武特训学校,,重庆,重庆,待核对,https://github.com/goodpsychologistclaw/nct-archive,source-2026-10-09
INST-1008,重庆叛逆矫正训练营,,重庆,重庆,待核对,https://github.com/goodpsychologistclaw/nct-archive,source-2026-10-09
INST-1009,重庆叛逆青少年全封闭特训学校,,重庆,重庆,待核对,https://github.com/goodpsychologistclaw/nct-archive,source-2026-10-09
INST-1010,重庆合川全封闭式军事化管理学校,,重庆,重庆,待核对,https://github.com/goodpsychologistclaw/nct-archive,source-2026-10-09
INST-1011,重庆启德励志特训营,,重庆,重庆,待核对,https://github.com/goodpsychologistclaw/nct-archive,source-2026-10-09
INST-1012,重庆启德青少年成长学校,,重庆,重庆,待核对,https://github.com/goodpsychologistclaw/nct-archive,source-2026-10-09
INST-1013,重庆启明星青少年成长基地,,重庆,重庆,待核对,https://github.com/goodpsychologistclaw/nct-archive,source-2026-10-09
INST-1014,重庆启梦青少年成长中心,,重庆,重庆,待核对,https://github.com/goodpsychologistclaw/nct-archive,source-2026-10-09
INST-1015,重庆启航少年特训营,,重庆,重庆,待核对,https://github.com/goodpsychologistclaw/nct-archive,source-2026-10-09
INST-1016,重庆启航戒网瘾学校,,重庆,重庆,待核对,https://github.com/goodpsychologistclaw/nct-archive,source-2026-10-09
INST-1017,重庆启航青少年特训,,重庆,重庆,待核对,https://github.com/goodpsychologistclaw/nct-archive,source-2026-10-09
INST-1018,重庆哈瑞波特,,重庆,重庆,待核对,https://github.com/goodpsychologistclaw/nct-archive,source-2026-10-09
INST-1019,重庆哈瑞波特青少年素质教育基地,,重庆,重庆,待核对,https://github.com/goodpsychologistclaw/nct-archive,source-2026-10-09
INST-1020,重庆善德行为矫正基地,,重庆,重庆,待核对,https://github.com/goodpsychologistclaw/nct-archive,source-2026-10-09
INST-1021,重庆国瑾教育,,重庆,重庆,待核对,https://github.com/goodpsychologistclaw/nct-archive,source-2026-10-09
INST-1022,重庆圣贤训教育,,重庆,重庆,待核对,https://github.com/goodpsychologistclaw/nct-archive,source-2026-10-09
INST-1023,重庆大正青少年素质教育基地,,重庆,重庆,待核对,https://github.com/goodpsychologistclaw/nct-archive,source-2026-10-09
INST-1024,重庆大正青少年素质教育基地,,重庆,重庆,待核对,https://github.com/goodpsychologistclaw/nct-archive,source-2026-10-09
INST-1025,重庆奉节成长教育,,重庆,重庆,待核对,https://github.com/goodpsychologistclaw/nct-archive,source-2026-10-09
INST-1026,重庆如仁教育,,重庆,重庆,待核对,https://github.com/FunctionSir/PanDefenseProject,source-2026-10-09
INST-1027,重庆子龙素质教育,,重庆,重庆,待核对,https://github.com/FunctionSir/PanDefenseProject,source-2026-10-09
INST-1028,重庆孔德青少年特训学校,,重庆,重庆,待核对,https://github.com/goodpsychologistclaw/nct-archive,source-2026-10-09
INST-1029,重庆宏德特训学校,,重庆,重庆,待核对,https://github.com/goodpsychologistclaw/nct-archive,source-2026-10-09
INST-1030,重庆宏德青少年特训,,重庆,重庆,待核对,https://github.com/goodpsychologistclaw/nct-archive,source-2026-10-09
INST-1031,重庆宏星青少年特训学校,,重庆,重庆,待核对,https://github.com/goodpsychologistclaw/nct-archive,source-2026-10-09
INST-1032,重庆家庭教育指导中心,,重庆,重庆,待核对,https://github.com/goodpsychologistclaw/nct-archive,source-2026-10-09
INST-1033,重庆尚爱拓展训练基地,,重庆,重庆,待核对,https://github.com/FunctionSir/PanDefenseProject,source-2026-10-09
INST-1034,重庆巫山青少年特训,,重庆,重庆,待核对,https://github.com/goodpsychologistclaw/nct-archive,source-2026-10-09
INST-1035,重庆巫溪启德教育,,重庆,重庆,待核对,https://github.com/goodpsychologistclaw/nct-archive,source-2026-10-09
INST-1036,重庆市南川区向阳学校,,重庆,重庆,待核对,https://github.com/goodpsychologistclaw/nct-archive,source-2026-10-09
INST-1037,重庆市大足育新学校,,重庆,重庆,待核对,https://github.com/FunctionSir/PanDefenseProject,source-2026-10-09
INST-1038,重庆康玲素质教育基地,,重庆,重庆,待核对,https://github.com/goodpsychologistclaw/nct-archive,source-2026-10-09
INST-1039,重庆开州启航特训,,重庆,重庆,待核对,https://github.com/goodpsychologistclaw/nct-archive,source-2026-10-09
INST-1040,重庆彭水成长教育,,重庆,重庆,待核对,https://github.com/goodpsychologistclaw/nct-archive,source-2026-10-09
INST-1041,重庆德志锦辉素质教育基地,,重庆,重庆,待核对,https://github.com/goodpsychologistclaw/nct-archive,source-2026-10-09
INST-1042,重庆心理健康成长中心,,重庆,重庆,待核对,https://github.com/goodpsychologistclaw/nct-archive,source-2026-10-09
INST-1043,重庆心理健康辅导中心,,重庆,重庆,待核对,https://github.com/goodpsychologistclaw/nct-archive,source-2026-10-09
INST-1044,重庆心翼成长教育中心,,重庆,重庆,待核对,https://github.com/goodpsychologistclaw/nct-archive,source-2026-10-09
INST-1045,重庆心阳青少年成长指导中心,,重庆,重庆,待核对,https://github.com/goodpsychologistclaw/nct-archive,source-2026-10-09
INST-1046,重庆志利立仁素质教育学校,,重庆,重庆,待核对,https://github.com/goodpsychologistclaw/nct-archive,source-2026-10-09
INST-1047,重庆志强素质教育,,重庆,重庆,待核对,https://github.com/FunctionSir/PanDefenseProject,source-2026-10-09
INST-1048,重庆志强素质训练基地,,重庆,重庆,待核对,https://github.com/goodpsychologistclaw/nct-archive,source-2026-10-09
INST-1049,重庆志高青少年特训学校,,重庆,重庆,待核对,https://github.com/goodpsychologistclaw/nct-archive,source-2026-10-09
INST-1050,重庆忠县励志教育,,重庆,重庆,待核对,https://github.com/goodpsychologistclaw/nct-archive,source-2026-10-09
INST-1051,重庆思德教育,,重庆,重庆,待核对,https://github.com/goodpsychologistclaw/nct-archive,source-2026-10-09
INST-1052,重庆思德教育,,重庆,重庆,待核对,https://github.com/goodpsychologistclaw/nct-archive,source-2026-10-09
INST-1053,重庆思德教育总部,,重庆,重庆,待核对,https://github.com/goodpsychologistclaw/nct-archive,source-2026-10-09
INST-1054,重庆慧诺特特训学校,,重庆,重庆,待核对,https://github.com/goodpsychologistclaw/nct-archive,source-2026-10-09
INST-1055,重庆成长之路教育学校,,重庆,重庆,待核对,https://github.com/goodpsychologistclaw/nct-archive,source-2026-10-09
INST-1056,重庆成长励志教育中心,,重庆,重庆,待核对,https://github.com/goodpsychologistclaw/nct-archive,source-2026-10-09
INST-1057,重庆成长教育训练营,,重庆,重庆,待核对,https://github.com/goodpsychologistclaw/nct-archive,source-2026-10-09
INST-1058,重庆戒成青少年启德教育,,重庆,重庆,待核对,https://github.com/goodpsychologistclaw/nct-archive,source-2026-10-09
INST-1059,重庆战鹰青少年特训营,,重庆,重庆,待核对,https://github.com/goodpsychologistclaw/nct-archive,source-2026-10-09
INST-1060,重庆护航启航教育园地,,重庆,重庆,待核对,https://github.com/goodpsychologistclaw/nct-archive,source-2026-10-09
INST-1061,重庆护航学生素质训练基地,,重庆,重庆,待核对,https://github.com/FunctionSir/PanDefenseProject,source-2026-10-09
INST-1062,重庆新希望青少年教育,,重庆,重庆,待核对,https://github.com/goodpsychologistclaw/nct-archive,source-2026-10-09
INST-1063,重庆新起点青少年特训学校,,重庆,重庆,待核对,https://github.com/goodpsychologistclaw/nct-archive,source-2026-10-09
INST-1064,重庆新锐素质教育,,重庆,重庆,待核对,https://github.com/goodpsychologistclaw/nct-archive,source-2026-10-09
INST-1065,重庆旭阳少年戒网瘾学校,,重庆,重庆,待核对,https://github.com/goodpsychologistclaw/nct-archive,source-2026-10-09
INST-1066,重庆旭阳教育,,重庆,重庆,待核对,https://github.com/FunctionSir/PanDefenseProject,source-2026-10-09
INST-1067,重庆明德励志教育学校,,重庆,重庆,待核对,https://github.com/goodpsychologistclaw/nct-archive,source-2026-10-09
INST-1068,重庆明德励志教育学校,,重庆,重庆,待核对,https://github.com/goodpsychologistclaw/nct-archive,source-2026-10-09
INST-1069,重庆明德启智特训,,重庆,重庆,待核对,https://github.com/goodpsychologistclaw/nct-archive,source-2026-10-09
INST-1070,重庆明德特训学校,,重庆,重庆,待核对,https://github.com/goodpsychologistclaw/nct-archive,source-2026-10-09
INST-1071,重庆曙光励志教育学校,,重庆,重庆,待核对,https://github.com/goodpsychologistclaw/nct-archive,source-2026-10-09
INST-1072,重庆杰龙教育,,重庆,重庆,待核对,https://github.com/goodpsychologistclaw/nct-archive,source-2026-10-09
INST-1073,重庆枳璞教育,,重庆,重庆,待核对,https://github.com/FunctionSir/PanDefenseProject,source-2026-10-09
INST-1074,重庆正德青少年素质教育学校,,重庆,重庆,待核对,https://github.com/goodpsychologistclaw/nct-archive,source-2026-10-09
INST-1075,重庆正苗启德,,重庆,重庆,待核对,https://github.com/goodpsychologistclaw/nct-archive,source-2026-10-09
INST-1076,重庆正苗启德青少年特训,,重庆,重庆,待核对,https://github.com/goodpsychologistclaw/nct-archive,source-2026-10-09
INST-1077,重庆武隆励志特训,,重庆,重庆,待核对,https://github.com/goodpsychologistclaw/nct-archive,source-2026-10-09
INST-1078,重庆沙坪坝区歌乐山新启点兵仪素质教育中心(重庆新启点学生素质教育基地),,重庆,重庆,待核对,https://tieba.baidu.com/p/7582101377 | https://github.com/FunctionSir/PanDefenseProject,source-2026-10-09
INST-1079,重庆泽邦青少年教育,,重庆,重庆,待核对,https://github.com/goodpsychologistclaw/nct-archive,source-2026-10-09
INST-1080,重庆泽邦青少年教育学校,,重庆,重庆,待核对,https://github.com/goodpsychologistclaw/nct-archive,source-2026-10-09
INST-1081,重庆津诚青少年素质教育基地,,重庆,重庆,待核对,https://github.com/goodpsychologistclaw/nct-archive,source-2026-10-09
INST-1082,重庆清直素质教育,,重庆,重庆,待核对,https://github.com/goodpsychologistclaw/nct-archive,source-2026-10-09
INST-1083,重庆清直素质教育,清直素质教育,重庆,重庆,待核对,https://github.com/FunctionSir/PanDefenseProject,source-2026-10-09
INST-1084,重庆渝州励志教育,,重庆,重庆,待核对,https://github.com/goodpsychologistclaw/nct-archive,source-2026-10-09
INST-1085,重庆渝西育才特训,,重庆,重庆,待核对,https://github.com/goodpsychologistclaw/nct-archive,source-2026-10-09
INST-1086,重庆渝西育才特训学校,,重庆,重庆,待核对,https://github.com/goodpsychologistclaw/nct-archive,source-2026-10-09
INST-1087,重庆渝辉戒网瘾,,重庆,重庆,待核对,https://github.com/goodpsychologistclaw/nct-archive,source-2026-10-09
INST-1088,重庆环帝锦辉,,重庆,重庆,待核对,https://github.com/goodpsychologistclaw/nct-archive,source-2026-10-09
INST-1089,重庆瑞祥青少年素质培育基地,,重庆,重庆,待核对,https://github.com/goodpsychologistclaw/nct-archive,source-2026-10-09
INST-1090,重庆白领尔拓展训练有限公司,,重庆,重庆,待核对,https://github.com/goodpsychologistclaw/nct-archive,source-2026-10-09
INST-1091,重庆直利特教,,重庆,重庆,待核对,https://github.com/goodpsychologistclaw/nct-archive,source-2026-10-09
INST-1092,重庆直利特教,,重庆,重庆,待核对,https://github.com/goodpsychologistclaw/nct-archive,source-2026-10-09
INST-1093,重庆直利特教,,重庆,重庆,待核对,https://github.com/goodpsychologistclaw/nct-archive,source-2026-10-09
INST-1094,重庆知行少年教育基地,,重庆,重庆,待核对,https://github.com/goodpsychologistclaw/nct-archive,source-2026-10-09
INST-1095,重庆石柱励志教育,,重庆,重庆,待核对,https://github.com/goodpsychologistclaw/nct-archive,source-2026-10-09
INST-1096,重庆砺剑少年军校,,重庆,重庆,待核对,https://github.com/goodpsychologistclaw/nct-archive,source-2026-10-09
INST-1097,重庆秀山启航教育,,重庆,重庆,待核对,https://github.com/goodpsychologistclaw/nct-archive,source-2026-10-09
INST-1098,重庆科学城励志教育,,重庆,重庆,待核对,https://github.com/goodpsychologistclaw/nct-archive,source-2026-10-09
INST-1099,重庆立人青少年特训,,重庆,重庆,待核对,https://github.com/goodpsychologistclaw/nct-archive,source-2026-10-09
INST-1100,重庆素德青少年素质教育,,重庆,重庆,待核对,https://github.com/goodpsychologistclaw/nct-archive,source-2026-10-09
INST-1101,重庆素质教育拓展中心,,重庆,重庆,待核对,https://github.com/goodpsychologistclaw/nct-archive,source-2026-10-09
INST-1102,重庆育才青少年成长中心,,重庆,重庆,待核对,https://github.com/goodpsychologistclaw/nct-archive,source-2026-10-09
INST-1103,重庆育途青少年成长教育基地,,重庆,重庆,待核对,https://github.com/goodpsychologistclaw/nct-archive,source-2026-10-09
INST-1104,重庆胤呈青少年训练营,,重庆,重庆,待核对,https://github.com/FunctionSir/PanDefenseProject,source-2026-10-09
INST-1105,重庆胤辰素质教育,,重庆,重庆,待核对,https://github.com/FunctionSir/PanDefenseProject,source-2026-10-09
INST-1106,重庆腾飞青少年特训学校,,重庆,重庆,待核对,https://github.com/goodpsychologistclaw/nct-archive,source-2026-10-09
INST-1107,重庆腾飞青少年特训学校,,重庆,重庆,待核对,https://github.com/goodpsychologistclaw/nct-archive,source-2026-10-09
INST-1108,重庆至善特训学校,,重庆,重庆,待核对,https://github.com/goodpsychologistclaw/nct-archive,source-2026-10-09
INST-1109,重庆荣昌创业中学戒治中心,,重庆,重庆,待核对,https://github.com/goodpsychologistclaw/nct-archive,source-2026-10-09
INST-1110,重庆荣昌创业中学戒治中心,,重庆,重庆,待核对,https://github.com/goodpsychologistclaw/nct-archive,source-2026-10-09
INST-1111,重庆荣昌创业中学戒治中心,,重庆,重庆,待核对,https://github.com/goodpsychologistclaw/nct-archive,source-2026-10-09
INST-1112,重庆荣昌创业中学戒治中心,,重庆,重庆,待核对,https://github.com/goodpsychologistclaw/nct-archive,source-2026-10-09
INST-1113,重庆萃华青少年素质教育学校,,重庆,重庆,待核对,https://github.com/goodpsychologistclaw/nct-archive,source-2026-10-09
INST-1114,重庆蓝天更蓝叛逆戒网瘾学校,,重庆,重庆,待核对,https://github.com/goodpsychologistclaw/nct-archive,source-2026-10-09
INST-1115,重庆行为矫正特训营,,重庆,重庆,待核对,https://github.com/goodpsychologistclaw/nct-archive,source-2026-10-09
INST-1116,重庆赋苗青少年成长实践中心,,重庆,重庆,待核对,https://github.com/goodpsychologistclaw/nct-archive,source-2026-10-09
INST-1117,重庆赋苗青少年成长实践中心,,重庆,重庆,待核对,https://github.com/goodpsychologistclaw/nct-archive,source-2026-10-09
INST-1118,重庆赋苗青少年成长实践中心,,重庆,重庆,待核对,https://github.com/goodpsychologistclaw/nct-archive,source-2026-10-09
INST-1119,重庆超越青少年特训学校,,重庆,重庆,待核对,https://github.com/goodpsychologistclaw/nct-archive,source-2026-10-09
INST-1120,重庆身修青少年教育,,重庆,重庆,待核对,https://github.com/goodpsychologistclaw/nct-archive,source-2026-10-09
INST-1121,重庆途领跑拓展训练有限公司,,重庆,重庆,待核对,https://github.com/FunctionSir/PanDefenseProject,source-2026-10-09
INST-1122,重庆酉阳青少年特训,,重庆,重庆,待核对,https://github.com/goodpsychologistclaw/nct-archive,source-2026-10-09
INST-1123,重庆重生叛逆改正学校,,重庆,重庆,待核对,https://github.com/goodpsychologistclaw/nct-archive,source-2026-10-09
INST-1124,重庆重生教育,,重庆,重庆,待核对,https://github.com/goodpsychologistclaw/nct-archive,source-2026-10-09
INST-1125,重庆锦辉青少年素质教育学校,,重庆,重庆,待核对,https://github.com/FunctionSir/PanDefenseProject,source-2026-10-09
INST-1126,重庆阳光少年特训营,,重庆,重庆,待核对,https://github.com/goodpsychologistclaw/nct-archive,source-2026-10-09
INST-1127,重庆阳光成长教育基地,,重庆,重庆,待核对,https://github.com/goodpsychologistclaw/nct-archive,source-2026-10-09
INST-1128,重庆雷霆特训学校,,重庆,重庆,待核对,https://github.com/goodpsychologistclaw/nct-archive,source-2026-10-09
INST-1129,重庆青少年心理成长基地,,重庆,重庆,待核对,https://github.com/goodpsychologistclaw/nct-archive,source-2026-10-09
INST-1130,重庆青少年特训拓展营,,重庆,重庆,待核对,https://github.com/goodpsychologistclaw/nct-archive,source-2026-10-09
INST-1131,重庆青少年素质拓展基地,,重庆,重庆,待核对,https://github.com/goodpsychologistclaw/nct-archive,source-2026-10-09
INST-1132,重庆青少年行为矫正基地,,重庆,重庆,待核对,https://github.com/goodpsychologistclaw/nct-archive,source-2026-10-09
INST-1133,重庆青少年赏识教育基地,,重庆,重庆,待核对,https://github.com/goodpsychologistclaw/nct-archive,source-2026-10-09
INST-1134,重庆青禾青少年成长教育中心,,重庆,重庆,待核对,https://github.com/goodpsychologistclaw/nct-archive,source-2026-10-09
INST-1135,重庆黔江励志学校,,重庆,重庆,待核对,https://github.com/goodpsychologistclaw/nct-archive,source-2026-10-09
INST-0171,四川成才新教育,,四川,内江市,待核对,https://github.com/FunctionSir/PanDefenseProject,source-2026-10-09
INST-0173,四川省乐山市阳光成长教育中心,,四川,乐山市,待核对,https://github.com/goodpsychologistclaw/nct-archive,source-2026-10-09
INST-0174,四川省乐山蓝波湾青少年矫正学院,,四川,乐山市,待核对,https://github.com/goodpsychologistclaw/nct-archive,source-2026-10-09
INST-0175,四川省内江博阳青少年教育基地,,四川,内江市,待核对,https://github.com/goodpsychologistclaw/nct-archive,source-2026-10-09
INST-0176,四川省内江启泰教育,,四川,内江市,待核对,https://github.com/goodpsychologistclaw/nct-archive,source-2026-10-09
INST-0177,四川省凉山州正苗启德青少年特训学校,,四川,凉山州西昌市,待核对,https://github.com/goodpsychologistclaw/nct-archive,source-2026-10-09
INST-0178,四川省凉山州青少年网络依赖干预中心,,四川,凉山州西昌市,待核对,https://github.com/goodpsychologistclaw/nct-archive,source-2026-10-09
INST-0179,四川省华弟心理咨询服务有限公司,,四川,成都市,待核对,https://github.com/goodpsychologistclaw/nct-archive,source-2026-10-09
INST-0180,四川省南充起点青少年行为矫正学校,,四川,南充市,待核对,https://github.com/goodpsychologistclaw/nct-archive,source-2026-10-09
INST-0181,四川省南充青少年行为矫正学校,,四川,南充市,待核对,https://github.com/goodpsychologistclaw/nct-archive,source-2026-10-09
INST-0182,四川省宜宾励萱特训学校,,四川,宜宾市,待核对,https://github.com/goodpsychologistclaw/nct-archive,source-2026-10-09
INST-0183,四川省宜宾清腾青少年素质教育基地,,四川,宜宾市,待核对,https://github.com/goodpsychologistclaw/nct-archive,source-2026-10-09
INST-0184,四川省巴中启航青少年行为矫正学校,,四川,巴中市,待核对,https://github.com/goodpsychologistclaw/nct-archive,source-2026-10-09
INST-0185,四川省巴中新业教育,,四川,巴中市,待核对,https://github.com/goodpsychologistclaw/nct-archive,source-2026-10-09
INST-0186,四川省广元市青少年网络行为调适中心,,四川,广元市,待核对,https://github.com/goodpsychologistclaw/nct-archive,source-2026-10-09
INST-0187,四川省广安雷音叛逆管教学校,,四川,广安市,待核对,https://github.com/goodpsychologistclaw/nct-archive,source-2026-10-09
INST-0188,四川省德阳蔷薇心理成长学校,,四川,德阳市,待核对,https://github.com/goodpsychologistclaw/nct-archive,source-2026-10-09
INST-0189,四川省德阳青少年专门教育学校,,四川,德阳市,待核对,https://github.com/goodpsychologistclaw/nct-archive,source-2026-10-09
INST-0190,四川省心海岸军事化特训学校,,四川,成都市,待核对,https://github.com/goodpsychologistclaw/nct-archive,source-2026-10-09
INST-0191,四川省忠山立德青少年素质教育基地,,四川,成都市,待核对,https://github.com/goodpsychologistclaw/nct-archive,source-2026-10-09
INST-0192,四川省成都励心智教育学校,,四川,成都市,待核对,https://github.com/goodpsychologistclaw/nct-archive,source-2026-10-09
INST-0193,四川省成都嘉年华青少年心理辅导中心,,四川,成都市,待核对,https://github.com/goodpsychologistclaw/nct-archive,source-2026-10-09
INST-0194,四川省成都思图励志教育学校,,四川,成都市,待核对,https://github.com/goodpsychologistclaw/nct-archive,source-2026-10-09
INST-0195,四川省成都明德青少年素质学校,,四川,成都市,待核对,https://github.com/goodpsychologistclaw/nct-archive,source-2026-10-09
INST-0196,四川省成都梦之翼青少年特训学校,,四川,成都市,待核对,https://github.com/goodpsychologistclaw/nct-archive,source-2026-10-09
INST-0197,四川省成都知恩教育,,四川,成都市,待核对,https://github.com/goodpsychologistclaw/nct-archive,source-2026-10-09
INST-0198,四川省成都纽特青少年成长教育学校,,四川,成都市,待核对,https://github.com/goodpsychologistclaw/nct-archive,source-2026-10-09
INST-0199,四川省成都翔龙启智,,四川,成都市,待核对,https://github.com/goodpsychologistclaw/nct-archive,source-2026-10-09
INST-0200,四川省成都良承青少年素质教育学校,,四川,成都市,待核对,https://github.com/goodpsychologistclaw/nct-archive,source-2026-10-09
INST-0201,四川省成都若水教育,,四川,成都市,待核对,https://github.com/goodpsychologistclaw/nct-archive,source-2026-10-09
INST-0202,四川省攀枝花星耀戒网瘾特训基地,,四川,攀枝花市,待核对,https://github.com/goodpsychologistclaw/nct-archive,source-2026-10-09
INST-0203,四川省攀枝花阳光叛逆特训学校,,四川,攀枝花市,待核对,https://github.com/goodpsychologistclaw/nct-archive,source-2026-10-09
INST-0204,四川省新巴蜀青少年特训学校,,四川,成都市,待核对,https://github.com/goodpsychologistclaw/nct-archive,source-2026-10-09
INST-0205,四川省正苗启德青少年特训学校,,四川,绵阳市,待核对,https://github.com/goodpsychologistclaw/nct-archive,source-2026-10-09
INST-0206,四川省泸州启航问题少年管教基地,,四川,泸州市,待核对,https://github.com/goodpsychologistclaw/nct-archive,source-2026-10-09
INST-0207,四川省泸州至善教育,,四川,泸州市,待核对,https://github.com/goodpsychologistclaw/nct-archive,source-2026-10-09
INST-0208,四川省甘孜阳光特训基地,,四川,,待核对,https://github.com/goodpsychologistclaw/nct-archive,source-2026-10-09
INST-0209,四川省自贡育才青少年成长中心,,四川,自贡市,待核对,https://github.com/goodpsychologistclaw/nct-archive,source-2026-10-09
INST-0210,四川省蜀川立德青少年成长基地,,四川,成都市,待核对,https://github.com/goodpsychologistclaw/nct-archive,source-2026-10-09
INST-0211,四川省资阳华力戒网瘾中心,,四川,资阳市,待核对,https://github.com/goodpsychologistclaw/nct-archive,source-2026-10-09
INST-0212,四川省资阳树新教育学校,,四川,资阳市,待核对,https://github.com/goodpsychologistclaw/nct-archive,source-2026-10-09
INST-0213,四川省达州启智青少年成长中心,,四川,达州市,待核对,https://github.com/goodpsychologistclaw/nct-archive,source-2026-10-09
INST-0214,四川省达州旭阳青少年素质培训学校,,四川,达州市,待核对,https://github.com/goodpsychologistclaw/nct-archive,source-2026-10-09
INST-0215,四川省遂宁志合叛逆青少年励志教育,,四川,遂宁市,待核对,https://github.com/goodpsychologistclaw/nct-archive,source-2026-10-09
INST-0216,四川省锐变青少年叛逆教育与矫正基地,,四川,广安市,待核对,https://github.com/goodpsychologistclaw/nct-archive,source-2026-10-09
INST-0217,四川省阿坝育新青少年特训机构,,四川,,待核对,https://github.com/goodpsychologistclaw/nct-archive,source-2026-10-09
INST-0218,四川省雅安启腾青少年励志特训基地,,四川,雅安市,待核对,https://github.com/goodpsychologistclaw/nct-archive,source-2026-10-09
INST-0219,四川省雷鹰素质教育基地,,四川,广安市,待核对,https://github.com/goodpsychologistclaw/nct-archive,source-2026-10-09
INST-0289,平昌忠德医院,,四川,巴中市,待核对,https://github.com/goodpsychologistclaw/nct-archive,source-2026-10-09
INST-0361,德成才新教育,,四川,内江市,待核对,https://github.com/FunctionSir/PanDefenseProject,source-2026-10-09
INST-0401,成才新教育,四川成才新教育、德成才新教育,四川,内江市,待核对,https://github.com/FunctionSir/PanDefenseProject,source-2026-10-09
INST-0404,成都百草园拓展训练有限公司,,四川,,待核对,https://github.com/goodpsychologistclaw/nct-archive,source-2026-10-09
INST-0002,三都水族自治县青少年矫正中心,,贵州,,待核对,https://github.com/goodpsychologistclaw/nct-archive,source-2026-10-09
INST-0065,六盘水国瑾教育,,贵州,,待核对,https://github.com/goodpsychologistclaw/nct-archive,source-2026-10-09
INST-0066,六盘水阳光叛逆特训学校六枝基地,,贵州,,待核对,https://github.com/goodpsychologistclaw/nct-archive,source-2026-10-09
INST-0067,六盘水阳光叛逆特训学校盘州基地,,贵州,,待核对,https://github.com/goodpsychologistclaw/nct-archive,source-2026-10-09
INST-0068,六盘水阳光叛逆特训学校钟山基地,,贵州,,待核对,https://github.com/goodpsychologistclaw/nct-archive,source-2026-10-09
INST-0070,兴义德馨少年戒网瘾学校,,贵州,,待核对,https://github.com/goodpsychologistclaw/nct-archive,source-2026-10-09
INST-0071,兴仁市仁德学校,,贵州,兴仁市,待核对,https://github.com/FunctionSir/PanDefenseProject,source-2026-10-09
INST-0080,前沿行为矫正中心,,贵州,,待核对,https://github.com/goodpsychologistclaw/nct-archive,source-2026-10-09
INST-0226,大正励志特训学校,,贵州,,待核对,https://github.com/goodpsychologistclaw/nct-archive,source-2026-10-09
INST-0253,安顺叛逆孩子封闭式学校,,贵州,,待核对,https://github.com/goodpsychologistclaw/nct-archive,source-2026-10-09
INST-0254,安顺市青少年行为矫正学校,,贵州,,待核对,https://github.com/goodpsychologistclaw/nct-archive,source-2026-10-09
INST-0297,广东正苗启德青少年特训学校贵州校区,,贵州,,待核对,https://github.com/goodpsychologistclaw/nct-archive,source-2026-10-09
INST-0359,德志锦辉成长基地,,贵州,,待核对,https://github.com/goodpsychologistclaw/nct-archive,source-2026-10-09
INST-0479,榕江县励志教育培训中心,,贵州,,待核对,https://github.com/goodpsychologistclaw/nct-archive,source-2026-10-09
INST-0504,毕节立新素质教育基地,,贵州,,待核对,https://github.com/goodpsychologistclaw/nct-archive,source-2026-10-09
INST-0505,毕节阳光励志青少年特训学校,,贵州,,待核对,https://github.com/goodpsychologistclaw/nct-archive,source-2026-10-09
INST-0506,毕节阳光叛逆特训学校威宁县基地,,贵州,,待核对,https://github.com/goodpsychologistclaw/nct-archive,source-2026-10-09
INST-0507,毕节阳光叛逆特训学校纳雍县基地,,贵州,,待核对,https://github.com/goodpsychologistclaw/nct-archive,source-2026-10-09
INST-0508,毕节阳光叛逆特训学校织金县基地,,贵州,,待核对,https://github.com/goodpsychologistclaw/nct-archive,source-2026-10-09
INST-0594,沿河启航户外拓展有限公司,,贵州,铜仁市,待核对,https://github.com/FunctionSir/PanDefenseProject,source-2026-10-09
INST-0806,直利教育,,贵州,遵义市,待核对,https://github.com/FunctionSir/PanDefenseProject,source-2026-10-09
INST-0816,福泉市叛逆青少年行为矫正中心,,贵州,,待核对,https://github.com/goodpsychologistclaw/nct-archive,source-2026-10-09
INST-0890,贵州励心智教育,,贵州,,待核对,https://github.com/goodpsychologistclaw/nct-archive,source-2026-10-09
INST-0891,贵州孤狼特训有限公司,,贵州,,待核对,https://github.com/goodpsychologistclaw/nct-archive,source-2026-10-09
INST-0892,贵州弘扬素质教育研究院,,贵州,,待核对,https://github.com/goodpsychologistclaw/nct-archive,source-2026-10-09
INST-0893,贵州志扬户外拓展基地,,贵州,,待核对,https://github.com/FunctionSir/PanDefenseProject,source-2026-10-09
INST-0894,贵州新启航青少年特训营,,贵州,,待核对,https://github.com/goodpsychologistclaw/nct-archive,source-2026-10-09
INST-0895,贵州新起点网瘾戒除基地,,贵州,,待核对,https://github.com/goodpsychologistclaw/nct-archive,source-2026-10-09
INST-0896,贵州旭日全封闭成长学校,,贵州,,待核对,https://github.com/goodpsychologistclaw/nct-archive,source-2026-10-09
INST-0897,贵州正苗启德青少年特训学校都匀校区,,贵州,,待核对,https://github.com/goodpsychologistclaw/nct-archive,source-2026-10-09
INST-0898,贵州直利素质教育学校,,贵州,遵义市,待核对,https://github.com/FunctionSir/PanDefenseProject,source-2026-10-09
INST-0899,贵州省遵义市直利青少年素质教育中心,贵州直利素质教育学校、贵州遵义直利教育、直利教育,贵州,遵义市,待核对,https://tieba.baidu.com/p/9096358124 | https://github.com/FunctionSir/PanDefenseProject,source-2026-10-09
INST-0900,贵州立新素质教育,,贵州,贵阳市,待核对,https://github.com/goodpsychologistclaw/nct-archive,source-2026-10-09
INST-0901,贵州纽特青少年成长中心,,贵州,,待核对,https://github.com/goodpsychologistclaw/nct-archive,source-2026-10-09
INST-0902,贵州耕力青少年好习惯培养基地,,贵州,,待核对,https://github.com/goodpsychologistclaw/nct-archive,source-2026-10-09
INST-0903,贵州蓝途特训营,,贵州,,待核对,https://github.com/goodpsychologistclaw/nct-archive,source-2026-10-09
INST-0904,贵州遵义直利教育,,贵州,遵义市,待核对,https://github.com/FunctionSir/PanDefenseProject,source-2026-10-09
INST-0905,贵州青少年蜕变训练营,,贵州,,待核对,https://github.com/goodpsychologistclaw/nct-archive,source-2026-10-09
INST-0906,贵州青春守护者特训中心,,贵州,,待核对,https://github.com/goodpsychologistclaw/nct-archive,source-2026-10-09
INST-0907,贵州青苗特训营,,贵州,,待核对,https://github.com/goodpsychologistclaw/nct-archive,source-2026-10-09
INST-0909,贵阳市民望实验中学,,贵州,,待核对,https://github.com/goodpsychologistclaw/nct-archive,source-2026-10-09
INST-0910,贵阳育贤青少年素质教育基地,,贵州,,待核对,https://github.com/goodpsychologistclaw/nct-archive,source-2026-10-09
INST-0911,贵阳花溪弘扬学校,,贵州,,待核对,https://github.com/goodpsychologistclaw/nct-archive,source-2026-10-09
INST-0912,贵阳阳光好少年素质教育训练营,,贵州,,待核对,https://github.com/goodpsychologistclaw/nct-archive,source-2026-10-09
INST-0932,遵义少年励志教育基地,,贵州,,待核对,https://github.com/goodpsychologistclaw/nct-archive,source-2026-10-09
INST-0933,遵义正苗启德青少年特训学校,,贵州,,待核对,https://github.com/goodpsychologistclaw/nct-archive,source-2026-10-09
INST-0934,遵义青少年成长中心,,贵州,,待核对,https://github.com/goodpsychologistclaw/nct-archive,source-2026-10-09
INST-1140,铜仁叛逆孩子少管所特训学校,,贵州,,待核对,https://github.com/goodpsychologistclaw/nct-archive,source-2026-10-09
INST-1141,铜仁正苗启德青少年特训学校,,贵州,,待核对,https://github.com/goodpsychologistclaw/nct-archive,source-2026-10-09
INST-1142,铜仁阳光青少年成长中心,,贵州,,待核对,https://github.com/goodpsychologistclaw/nct-archive,source-2026-10-09
INST-1197,长顺县阳光少年素质教育基地,,贵州,,待核对,https://github.com/goodpsychologistclaw/nct-archive,source-2026-10-09
INST-1208,雷山县青少年矫正中心,,贵州,,待核对,https://github.com/goodpsychologistclaw/nct-archive,source-2026-10-09
INST-1246,黔东南励志教育学校,,贵州,,待核对,https://github.com/goodpsychologistclaw/nct-archive,source-2026-10-09
INST-1247,黔南州启航学校素质教育基地,,贵州,,待核对,https://github.com/goodpsychologistclaw/nct-archive,source-2026-10-09
INST-1248,黔南绿洲网络行为管理中心,,贵州,,待核对,https://github.com/goodpsychologistclaw/nct-archive,source-2026-10-09
INST-1249,黔西南青少年阳光励志特训基地,,贵州,,待核对,https://github.com/goodpsychologistclaw/nct-archive,source-2026-10-09
INST-0439,昆明市西山起点养成教育培训学校,昆明起点学校,云南,昆明市,待核对,https://github.com/FunctionSir/PanDefenseProject,source-2026-10-09
INST-0442,昆明起点学校,,云南,昆明市,待核对,https://github.com/FunctionSir/PanDefenseProject,source-2026-10-09
INST-0873,西安护航教育咨询有限公司,,陕西,西安市,待核对,https://github.com/FunctionSir/PanDefenseProject,source-2026-10-09
INST-1202,陕西大正青少年素质培训基地,,陕西,咸阳市,待核对,https://github.com/FunctionSir/PanDefenseProject,source-2026-10-09
INST-0069,兰州德优教育,,甘肃,兰州市,待核对,https://github.com/FunctionSir/PanDefenseProject,source-2026-10-09
INST-1201,陇南市青少年军校,,甘肃,陇南市,待核对,https://github.com/FunctionSir/PanDefenseProject,source-2026-10-09
INST-0239,宁夏航正心理咨询,,宁夏,石嘴山市,待核对,https://github.com/FunctionSir/PanDefenseProject,source-2026-10-09
INST-0811,石嘴山市航正心理咨询有限责任公司,,宁夏,石嘴山市,待核对,https://github.com/FunctionSir/PanDefenseProject,source-2026-10-09
INST-0812,石嘴山市航正青少年成长中心,宁夏航正心理咨询、石嘴山市航正心理咨询有限责任公司,宁夏,石嘴山市,待核对,https://github.com/FunctionSir/PanDefenseProject,source-2026-10-09
INST-0001,(→)都德尚美素质教育,,待确认,,待核对,https://github.com/FunctionSir/PanDefenseProject,source-2026-10-09
INST-0008,上海关兴教育,上海市浦东新区关兴教育培训中心、上海关兴教育科技有限公司,待确认,,待核对,https://github.com/FunctionSir/PanDefenseProject,source-2026-10-09
INST-0009,上海关兴教育科技有限公司,,待确认,,待核对,https://github.com/FunctionSir/PanDefenseProject,source-2026-10-09
INST-0010,上海市浦东新区关兴教育培训中心,,待确认,,待核对,https://github.com/FunctionSir/PanDefenseProject,source-2026-10-09
INST-0024,严德教育,,待确认,,待核对,https://github.com/FunctionSir/PanDefenseProject,source-2026-10-09
INST-0047,五博叛逆孩子成长教育,,待确认,,待核对,https://github.com/FunctionSir/PanDefenseProject,source-2026-10-09
INST-0055,信丰成龙素质教育基地,赣州市成龙教育咨询服务有限公司,待确认,,待核对,https://github.com/FunctionSir/PanDefenseProject,source-2026-10-09
INST-0076,凤凰姐素质教育,,待确认,,待核对,https://github.com/FunctionSir/PanDefenseProject,source-2026-10-09
INST-0077,凤凰姐素质教育培训学校,凤凰姐素质教育,待确认,,待核对,https://github.com/FunctionSir/PanDefenseProject,source-2026-10-09
INST-0084,励志教育特训-子翔,河南子翔励志教育咨询有限公司,待确认,,待核对,https://github.com/FunctionSir/PanDefenseProject,source-2026-10-09
INST-0085,励思素质特训,,待确认,,待核对,https://github.com/FunctionSir/PanDefenseProject,source-2026-10-09
INST-0086,励萱教育,,待确认,,待核对,https://github.com/FunctionSir/PanDefenseProject,source-2026-10-09
INST-0088,励萱教育叛逆戒网瘾学校,励萱教育,待确认,,待核对,https://github.com/FunctionSir/PanDefenseProject,source-2026-10-09
INST-0102,华育农耕实践教育基地,重庆华育素质教育基地、重庆华励素质教育、重庆华育素质教育,待确认,,待核对,https://zhuanlan.zhihu.com/p/602713084 | https://github.com/FunctionSir/PanDefenseProject,source-2026-10-09
INST-0104,南华青少年素质教育学校,,待确认,长沙市,待核对,https://github.com/FunctionSir/PanDefenseProject,source-2026-10-09
INST-0131,合肥厚德教育咨询有限公司,德厚教育基地,待确认,,待核对,https://github.com/FunctionSir/PanDefenseProject,source-2026-10-09
INST-0132,合肥新目标素质教育学校,,待确认,,待核对,https://tieba.baidu.com/p/8154831979 | https://github.com/FunctionSir/PanDefenseProject,source-2026-10-09
INST-0137,启德教育青少年成长基地,,待确认,,待核对,https://github.com/goodpsychologistclaw/nct-archive,source-2026-10-09
INST-0138,启德青少年励志成长学校,,待确认,,待核对,https://github.com/FunctionSir/PanDefenseProject,source-2026-10-09
INST-0141,启点少年管教咨询,湖北启点教育投资有限公司,待确认,,待核对,https://github.com/FunctionSir/PanDefenseProject,source-2026-10-09
INST-0172,四川新巴蜀青少年特训学校,新巴蜀特训营,待确认,,待核对,https://www.bilibili.com/video/BV1uZ421K7NJ/ | https://news.cctv.com/2024/08/18/ARTIjq41Ia4U5awvNCpsW5GU240818.shtml | https://www.bilibili.com/video/BV1jE4m1d7ws/ | https://www.bilibili.com/video/BV1n5WHejEr7/ | https://github.com/FunctionSir/PanDefenseProject,source-2026-10-09
INST-0222,团风引领星培训学校,,待确认,,待核对,https://github.com/FunctionSir/PanDefenseProject,source-2026-10-09
INST-0223,国瑾教育,,待确认,,待核对,https://github.com/FunctionSir/PanDefenseProject,source-2026-10-09
INST-0237,孔德青少年特训学校,,待确认,,待核对,https://github.com/FunctionSir/PanDefenseProject,source-2026-10-09
INST-0240,宇凰德育,宇凰德育教育基地、湖北宇凰德育健康咨询有限公司,待确认,,待核对,https://tieba.baidu.com/p/8102952358 | https://github.com/FunctionSir/PanDefenseProject,source-2026-10-09
INST-0241,宇凰德育教育基地,,待确认,,待核对,https://github.com/FunctionSir/PanDefenseProject,source-2026-10-09
INST-0257,宿迁市北星艺术培训有限公司,,待确认,,待核对,https://github.com/FunctionSir/PanDefenseProject,source-2026-10-09
INST-0264,山东网康教育培训学校,,待确认,,待核对,https://web.archive.org/web/20231111060020/https://www.msn.com/en-au/news/other/inside-china-s-lgbtqia-re-education-camps-survivors-claim-shock-treatment-and-beatings/ar-AA18xfV9 | https://github.com/FunctionSir/PanDefenseProject,source-2026-10-09
INST-0265,山东蔚禾叛逆特训学校,,待确认,,待核对,https://github.com/FunctionSir/PanDefenseProject,source-2026-10-09
INST-0266,山东蔚禾青少年健康培训基地,,待确认,,待核对,https://github.com/FunctionSir/PanDefenseProject,source-2026-10-09
INST-0267,山东蔚禾青少年素质教育,济宁蔚禾青少年叛逆特训学校、山东蔚禾青少年健康培训基地、山东蔚禾叛逆特训学校,待确认,,待核对,https://github.com/FunctionSir/PanDefenseProject,source-2026-10-09
INST-0273,岳阳善一学校,,待确认,,待核对,https://github.com/FunctionSir/PanDefenseProject,source-2026-10-09
INST-0276,岳阳市湘阴县圣博青少年成长培训学校（中山园区）,,待确认,岳阳市,待核对,https://github.com/FunctionSir/PanDefenseProject,source-2026-10-09
INST-0277,岳阳市湘阴县圣博青少年成长培训学校（慧腾园区）,,待确认,岳阳市,待核对,https://www.bilibili.com/video/BV1D2421Z7Mj/ | https://www.bilibili.com/video/BV1wop6eqEQk/ | https://github.com/FunctionSir/PanDefenseProject,source-2026-10-09
INST-0304,广东麦田教育,,待确认,,待核对,https://github.com/FunctionSir/PanDefenseProject,source-2026-10-09
INST-0309,广州育明,,待确认,,待核对,https://github.com/FunctionSir/PanDefenseProject,source-2026-10-09
INST-0322,广西正知青少年成长基地,桂林正知青少年成长教育基地、广西正知青少年成长基地,待确认,,待核对,https://github.com/FunctionSir/PanDefenseProject,source-2026-10-09
INST-0325,广西玉林市新叶教育,,待确认,,待核对,https://github.com/FunctionSir/PanDefenseProject,source-2026-10-09
INST-0342,引领星培训教育学校,引领星素质教育学校、团风引领星培训学校,待确认,,待核对,https://github.com/FunctionSir/PanDefenseProject,source-2026-10-09
INST-0343,引领星素质教育学校,,待确认,,待核对,https://github.com/FunctionSir/PanDefenseProject,source-2026-10-09
INST-0346,徐州习正教育,,待确认,,待核对,https://www.zhihu.com/question/301837316/answer/1969644263 | https://www.zhihu.com/question/301837316/answer/718977461 | https://github.com/FunctionSir/PanDefenseProject,source-2026-10-09
INST-0347,徐州励志少年军校,徐州西正教育、徐州塑仁教育,待确认,,待核对,https://github.com/FunctionSir/PanDefenseProject,source-2026-10-09
INST-0348,徐州塑仁教育,,待确认,,待核对,https://github.com/FunctionSir/PanDefenseProject,source-2026-10-09
INST-0349,徐州西正教育,,待确认,,待核对,https://github.com/FunctionSir/PanDefenseProject,source-2026-10-09
INST-0350,德厚教育基地,,待确认,,待核对,https://github.com/FunctionSir/PanDefenseProject,source-2026-10-09
INST-0364,德立学校,,待确认,,待核对,https://github.com/FunctionSir/PanDefenseProject,source-2026-10-09
INST-0365,德立教育,,待确认,,待核对,https://github.com/FunctionSir/PanDefenseProject,source-2026-10-09
INST-0366,德立素质教育,,待确认,,待核对,https://github.com/FunctionSir/PanDefenseProject,source-2026-10-09
INST-0367,德立青少年素质教育,德立学校、德立素质教育、德立教育、德立（叛逆）学校,待确认,,待核对,https://github.com/FunctionSir/PanDefenseProject,source-2026-10-09
INST-0368,德立（叛逆）学校,,待确认,,待核对,https://github.com/FunctionSir/PanDefenseProject,source-2026-10-09
INST-0370,心海岸青少年叛逆戒网瘾学校,成都心海岸教育咨询有限公司,待确认,,待核对,https://github.com/FunctionSir/PanDefenseProject,source-2026-10-09
INST-0372,心阳教育,汕头市心阳教育学校,待确认,汕头市,待核对,https://github.com/FunctionSir/PanDefenseProject,source-2026-10-09
INST-0373,志华教育,,待确认,,待核对,https://github.com/FunctionSir/PanDefenseProject,source-2026-10-09
INST-0374,志华教育咨询有限公司,,待确认,,待核对,https://github.com/FunctionSir/PanDefenseProject,source-2026-10-09
INST-0375,志华特训学校,志华教育、志华教育咨询有限公司,待确认,,待核对,https://github.com/FunctionSir/PanDefenseProject,source-2026-10-09
INST-0387,思佳咨询中心,郑州郑东新区思佳信息咨询中心,待确认,,待核对,https://github.com/FunctionSir/PanDefenseProject,source-2026-10-09
INST-0402,成都励志宏源拓展训练公司,,待确认,,待核对,https://zhuanlan.zhihu.com/p/601750315 | https://github.com/FunctionSir/PanDefenseProject,source-2026-10-09
INST-0403,成都心海岸教育咨询有限公司,,待确认,,待核对,https://github.com/FunctionSir/PanDefenseProject,source-2026-10-09
INST-0405,成都精诚弘毅拓展训练公司,,待确认,,待核对,https://zhuanlan.zhihu.com/p/601750315 | https://github.com/FunctionSir/PanDefenseProject,source-2026-10-09
INST-0406,成都赏美素质教育,(→)都德尚美素质教育,待确认,,待核对,https://zhuanlan.zhihu.com/p/601750315 | https://github.com/FunctionSir/PanDefenseProject,source-2026-10-09
INST-0407,战龙青少年教育基地,龙耀腾飞青少年素质拓展中心,待确认,,待核对,https://github.com/FunctionSir/PanDefenseProject,source-2026-10-09
INST-0409,护航学校,,待确认,,待核对,https://github.com/FunctionSir/PanDefenseProject,source-2026-10-09
INST-0412,护苗教育,,待确认,,待核对,https://github.com/FunctionSir/PanDefenseProject,source-2026-10-09
INST-0413,振中特训,,待确认,,待核对,https://github.com/FunctionSir/PanDefenseProject,source-2026-10-09
INST-0416,揭阳市天天向上教育基地,,待确认,揭阳市,待核对,https://github.com/FunctionSir/PanDefenseProject,source-2026-10-09
INST-0429,新叶教育,广西玉林市新叶教育,待确认,,待核对,https://web.archive.org/web/20231111060020/https://www.msn.com/en-au/news/other/inside-china-s-lgbtqia-re-education-camps-survivors-claim-shock-treatment-and-beatings/ar-AA18xfV9 | https://github.com/FunctionSir/PanDefenseProject,source-2026-10-09
INST-0432,新巴蜀特训营,,待确认,,待核对,https://github.com/FunctionSir/PanDefenseProject,source-2026-10-09
INST-0437,昆明丑小鸭中学,,待确认,昆明市,待核对,https://github.com/FunctionSir/PanDefenseProject,source-2026-10-09
INST-0438,昆明安宁市好孩子教育培训学校,,待确认,昆明安宁市,待核对,https://github.com/FunctionSir/PanDefenseProject,source-2026-10-09
INST-0440,昆明育未来素质拓展基地,昆明育未来素质教育,待确认,,待核对,https://github.com/FunctionSir/PanDefenseProject,source-2026-10-09
INST-0441,昆明育未来素质教育,,待确认,,待核对,https://github.com/FunctionSir/PanDefenseProject,source-2026-10-09
INST-0443,星启航少年管教咨询,星启航教育、湖北星启航教育咨询有限公司,待确认,,待核对,https://github.com/FunctionSir/PanDefenseProject,source-2026-10-09
INST-0444,星启航教育,,待确认,,待核对,https://github.com/FunctionSir/PanDefenseProject,source-2026-10-09
INST-0449,李锋教育,,待确认,,待核对,https://github.com/FunctionSir/PanDefenseProject,source-2026-10-09
INST-0474,桂林正知青少年成长教育基地,,待确认,,待核对,https://github.com/FunctionSir/PanDefenseProject,source-2026-10-09
INST-0511,永州市零陵区中博青少年培训学校,,待确认,永州市,待核对,https://github.com/FunctionSir/PanDefenseProject,source-2026-10-09
INST-0524,汕头市心阳教育学校,,待确认,汕头市,待核对,https://github.com/FunctionSir/PanDefenseProject,source-2026-10-09
INST-0526,江永县振新青少年专门学校,,待确认,,待核对,https://github.com/FunctionSir/PanDefenseProject,source-2026-10-09
INST-0527,江苏渝铭青少年特训基地,,待确认,,待核对,https://github.com/FunctionSir/PanDefenseProject,source-2026-10-09
INST-0535,河北众德励志素质教育,,待确认,,待核对,https://github.com/FunctionSir/PanDefenseProject,source-2026-10-09
INST-0546,河南启腾特训学校,,待确认,,待核对,https://github.com/FunctionSir/PanDefenseProject,source-2026-10-09
INST-0547,河南启腾青少年教育基地,,待确认,,待核对,https://github.com/FunctionSir/PanDefenseProject,source-2026-10-09
INST-0549,河南子翔励志教育咨询有限公司,,待确认,,待核对,https://github.com/FunctionSir/PanDefenseProject,source-2026-10-09
INST-0557,河南慧诺特国际教育,,待确认,,待核对,https://github.com/FunctionSir/PanDefenseProject,source-2026-10-09
INST-0560,河南护航教育,河南护航青少年综合素质教育基地、护航学校,待确认,,待核对,https://github.com/FunctionSir/PanDefenseProject,source-2026-10-09
INST-0562,河南护航青少年综合素质教育基地,,待确认,,待核对,https://github.com/FunctionSir/PanDefenseProject,source-2026-10-09
INST-0575,河南省新密市伏羲山若水教育,若水教育基地,待确认,新密市,待核对,https://github.com/FunctionSir/PanDefenseProject,source-2026-10-09
INST-0585,河南长思教育科技有限公司,,待确认,,待核对,https://github.com/FunctionSir/PanDefenseProject,source-2026-10-09
INST-0628,济南市宏开教育培训学校,,待确认,济南市,待核对,https://www.thepaper.cn/newsDetail_forward_10446063 | https://github.com/FunctionSir/PanDefenseProject,source-2026-10-09
INST-0629,济南市纽扣青少年心理成长基地,纽扣青少年教育学校、济南市长清区纽扣教育培训学校有限公司,待确认,济南市,待核对,https://github.com/FunctionSir/PanDefenseProject,source-2026-10-09
INST-0630,济南市长清区纽扣教育培训学校有限公司,,待确认,济南市,待核对,https://github.com/FunctionSir/PanDefenseProject,source-2026-10-09
INST-0641,济南纳川,济南纳川心理教育咨询有限公司,待确认,济南市,待核对,https://github.com/FunctionSir/PanDefenseProject,source-2026-10-09
INST-0642,济南纳川心理教育咨询有限公司,,待确认,济南市,待核对,https://github.com/FunctionSir/PanDefenseProject,source-2026-10-09
INST-0659,济宁蔚禾青少年叛逆特训学校,,待确认,,待核对,https://github.com/FunctionSir/PanDefenseProject,source-2026-10-09
INST-0684,清德教育,,待确认,,待核对,https://github.com/FunctionSir/PanDefenseProject,source-2026-10-09
INST-0689,湖北启点教育投资有限公司,,待确认,,待核对,https://github.com/FunctionSir/PanDefenseProject,source-2026-10-09
INST-0695,湖北宇凰德育健康咨询有限公司,,待确认,,待核对,https://github.com/FunctionSir/PanDefenseProject,source-2026-10-09
INST-0696,湖北星启航教育咨询有限公司,,待确认,,待核对,https://github.com/FunctionSir/PanDefenseProject,source-2026-10-09
INST-0704,湖南励志叛逆管教学校,,待确认,,待核对,https://github.com/FunctionSir/PanDefenseProject,source-2026-10-09
INST-0706,湖南励志教育,湖南励志叛逆管教学校,待确认,,待核对,https://github.com/FunctionSir/PanDefenseProject,source-2026-10-09
INST-0712,湖南智优戒网瘾学校,,待确认,,待核对,https://github.com/FunctionSir/PanDefenseProject,source-2026-10-09
INST-0716,湖南省湘潭市岳塘区素质教育学校,,待确认,湘潭市,待核对,https://github.com/FunctionSir/PanDefenseProject,source-2026-10-09
INST-0809,睢宁县翰林青少年训练营,,待确认,,待核对,https://github.com/FunctionSir/PanDefenseProject,source-2026-10-09
INST-0814,碧海教育,,待确认,,待核对,https://github.com/FunctionSir/PanDefenseProject,source-2026-10-09
INST-0817,立仁素质教育,,待确认,,待核对,https://github.com/FunctionSir/PanDefenseProject,source-2026-10-09
INST-0819,纽扣青少年教育学校,,待确认,济南市,待核对,https://github.com/FunctionSir/PanDefenseProject,source-2026-10-09
INST-0825,翰林青少年训练营,睢宁县翰林青少年训练营,待确认,,待核对,https://github.com/FunctionSir/PanDefenseProject,source-2026-10-09
INST-0836,苏北军事化特训学校,,待确认,,待核对,https://github.com/FunctionSir/PanDefenseProject,source-2026-10-09
INST-0837,苏北特训,苏北军事化特训学校、宿迁市北星艺术培训有限公司,待确认,,待核对,https://github.com/FunctionSir/PanDefenseProject,source-2026-10-09
INST-0838,若水教育基地,,待确认,新密市,待核对,https://github.com/FunctionSir/PanDefenseProject,source-2026-10-09
INST-0855,萃华实验学校,萃华青少年特训学校,待确认,,待核对,https://github.com/FunctionSir/PanDefenseProject,source-2026-10-09
INST-0856,萃华青少年特训学校,,待确认,,待核对,https://github.com/FunctionSir/PanDefenseProject,source-2026-10-09
INST-0872,西安弘毅网瘾戒除训练学校,,待确认,,待核对,https://tieba.baidu.com/p/7464866957 | https://github.com/FunctionSir/PanDefenseProject,source-2026-10-09
INST-0874,西安重生素质教育学校,西安重生训练基地,待确认,西安市,待核对,https://www.zhihu.com/question/24332871/answer/549042493 | https://github.com/FunctionSir/PanDefenseProject,source-2026-10-09
INST-0875,西安重生训练基地,,待确认,西安市,待核对,https://github.com/FunctionSir/PanDefenseProject,source-2026-10-09
INST-0885,许絮教育信息咨询,,待确认,,待核对,https://github.com/FunctionSir/PanDefenseProject,source-2026-10-09
INST-0886,豫华教育,,待确认,,待核对,https://github.com/FunctionSir/PanDefenseProject,source-2026-10-09
INST-0887,豫华教育基地,豫华素质教育基地、豫华教育,待确认,,待核对,https://github.com/FunctionSir/PanDefenseProject,source-2026-10-09
INST-0888,豫华素质教育基地,,待确认,,待核对,https://github.com/FunctionSir/PanDefenseProject,source-2026-10-09
INST-0916,赣州市成龙教育咨询服务有限公司,,待确认,,待核对,https://github.com/FunctionSir/PanDefenseProject,source-2026-10-09
INST-0921,辽宁叛逆管教学校,,待确认,,待核对,https://github.com/FunctionSir/PanDefenseProject,source-2026-10-09
INST-0962,郑州正启教育咨询有限公司,河南启腾青少年教育基地、河南启腾特训学校,待确认,,待核对,https://github.com/FunctionSir/PanDefenseProject,source-2026-10-09
INST-0968,郑州郑东新区思佳信息咨询中心,,待确认,,待核对,https://github.com/FunctionSir/PanDefenseProject,source-2026-10-09
INST-0995,重庆华励素质教育,,待确认,,待核对,https://github.com/FunctionSir/PanDefenseProject,source-2026-10-09
INST-0999,重庆华育素质教育,,待确认,,待核对,https://github.com/FunctionSir/PanDefenseProject,source-2026-10-09
INST-1000,重庆华育素质教育基地,,待确认,,待核对,https://github.com/FunctionSir/PanDefenseProject,source-2026-10-09
INST-1144,长思-青少年素质教育成长中心,河南长思教育科技有限公司,待确认,,待核对,https://github.com/FunctionSir/PanDefenseProject,source-2026-10-09
INST-1205,雅圣思,,待确认,,待核对,https://www.voachinese.com/a/china-private-schools-accused-of-abusing-students-20230130/6939487.html | https://github.com/FunctionSir/PanDefenseProject,source-2026-10-09
INST-1207,集结号青少年心理教育基地,,待确认,,待核对,https://github.com/FunctionSir/PanDefenseProject,source-2026-10-09
INST-1209,青优特训教育信息咨询中心,,待确认,,待核对,https://github.com/FunctionSir/PanDefenseProject,source-2026-10-09
INST-1241,黄冈纽特教育,,待确认,黄冈市,待核对,https://github.com/FunctionSir/PanDefenseProject,source-2026-10-09
INST-1251,龙耀腾飞青少年素质拓展中心,,待确认,,待核对,https://github.com/FunctionSir/PanDefenseProject,source-2026-10-09
